ID,NAME,COST,PRICE,RSP,STOCK,MARGIN,PROFIT,PRODUCT_GROUP_ID,PRODUCT_GROUP_NAME,PRODUCT_DISCOUNT_GROUP,PRODUCT_DISCOUNT_GROUP_PERCENTAGE,SEASON
363,Product 363,27.02,31.49,39.49,197,0.1419,4.47,28,Product Group 28,DG-03,0.03,S-1
704,Product 704,27.11,33.49,38.99,193,0.1905,6.38,36,Product Group 36,DG-07,0.07,S-1
757,Product 757,35.12,39.49,50.99,181,0.1107,4.37,16,Product Group 16,DG-04,0.04,S-1
670,Product 670,15.05,19.49,22.99,221,0.2278,4.44,34,Product Group 34,DG-04,0.04,S-1
482,Product 482,6.01,7.99,10.49,244,0.2478,1.98,40,Product Group 40,DG-09,0.09,S-1
558,Product 558,22.12,25.49,31.49,209,0.1322,3.37,25,Product Group 25,DG-08,0.08,S-1
173,Product 173,6.03,7.49,8.99,245,0.1949,1.46,21,Product Group 21,DG-00,0.0,S-1
261,Product 261,6.12,7.49,9.49,245,0.1829,1.37,6,Product Group 6,DG-00,0.0,S-1
865,Product 865,18.0,22.99,25.49,214,0.2171,4.99,23,Product Group 23,DG-05,0.05,S-1
999,Product 999,37.11,48.49,57.49,163,0.2347,11.38,40,Product Group 40,DG-09,0.09,S-1
374,Product 374,14.06,17.49,20.49,225,0.1961,3.43,43,Product Group 43,DG-00,0.0,S-1
788,Product 788,6.01,7.49,9.99,245,0.1976,1.48,33,Product Group 33,DG-04,0.04,S-1
454,Product 454,21.12,27.49,32.49,205,0.2317,6.37,21,Product Group 21,DG-00,0.0,S-1
235,Product 235,17.11,21.49,24.99,217,0.2038,4.38,28,Product Group 28,DG-03,0.03,S-1
67,Product 67,49.04,63.49,77.99,133,0.2276,14.45,15,Product Group 15,DG-09,0.09,S-1
327,Product 327,44.08,51.49,66.99,157,0.1439,7.41,30,Product Group 30,DG-02,0.02,S-1
20,Product 20,35.1,41.99,53.49,176,0.1641,6.89,23,Product Group 23,DG-05,0.05,S-1
0,Product 0,44.0,55.49,64.99,149,0.2071,11.49,18,Product Group 18,DG-02,0.02,S-1
943,Product 943,8.07,10.49,12.49,239,0.2307,2.42,34,Product Group 34,DG-04,0.04,S-1
243,Product 243,46.01,52.99,65.49,154,0.1317,6.98,13,Product Group 13,DG-05,0.05,S-1
434,Product 434,29.06,32.99,37.49,194,0.1191,3.93,17,Product Group 17,DG-09,0.09,S-1
978,Product 978,36.0,46.99,57.49,166,0.2339,10.99,7,Product Group 7,DG-01,0.01,S-1
727,Product 727,13.01,15.49,18.49,229,0.1601,2.48,41,Product Group 41,DG-01,0.01,S-1
478,Product 478,29.02,35.99,45.99,188,0.1937,6.97,21,Product Group 21,DG-00,0.0,S-1
175,Product 175,43.08,52.49,62.49,155,0.1793,9.41,1,Product Group 1,DG-06,0.06,S-1
118,Product 118,37.05,45.99,56.99,168,0.1944,8.94,37,Product Group 37,DG-03,0.03,S-1
180,Product 180,12.1,14.49,16.49,231,0.1649,2.39,6,Product Group 6,DG-00,0.0,S-1
291,Product 291,48.03,54.49,67.99,151,0.1186,6.46,24,Product Group 24,DG-00,0.0,S-1
834,Product 834,38.01,46.49,58.99,167,0.1824,8.48,26,Product Group 26,DG-06,0.06,S-1
394,Product 394,46.05,52.49,63.99,155,0.1227,6.44,38,Product Group 38,DG-07,0.07,S-1
829,Product 829,18.13,22.49,29.99,215,0.1939,4.36,32,Product Group 32,DG-08,0.08,S-1
770,Product 770,21.09,26.99,31.49,206,0.2186,5.9,15,Product Group 15,DG-09,0.09,S-1
306,Product 306,42.07,49.99,64.49,160,0.1584,7.92,10,Product Group 10,DG-01,0.01,S-1
913,Product 913,37.11,46.49,59.99,167,0.2018,9.38,18,Product Group 18,DG-02,0.02,S-1
828,Product 828,33.06,39.99,46.99,180,0.1733,6.93,14,Product Group 14,DG-03,0.03,S-1
26,Product 26,15.01,18.49,21.99,223,0.1882,3.48,23,Product Group 23,DG-05,0.05,S-1
33,Product 33,22.12,25.49,29.99,209,0.1322,3.37,21,Product Group 21,DG-00,0.0,S-1
186,Product 186,43.09,51.99,61.99,156,0.1712,8.9,46,Product Group 46,DG-05,0.05,S-1
587,Product 587,37.07,44.99,58.49,170,0.176,7.92,32,Product Group 32,DG-08,0.08,S-1
139,Product 139,42.07,54.99,62.99,150,0.235,12.92,24,Product Group 24,DG-00,0.0,S-1
145,Product 145,20.02,26.49,33.99,207,0.2442,6.47,5,Product Group 5,DG-08,0.08,S-1
19,Product 19,33.07,38.99,46.49,182,0.1518,5.92,1,Product Group 1,DG-06,0.06,S-1
364,Product 364,10.07,12.49,15.99,235,0.1938,2.42,11,Product Group 11,DG-02,0.02,S-1
682,Product 682,40.04,48.49,56.99,163,0.1743,8.45,11,Product Group 11,DG-02,0.02,S-1
851,Product 851,6.07,7.99,10.49,244,0.2403,1.92,23,Product Group 23,DG-05,0.05,S-1
588,Product 588,10.01,12.99,17.99,234,0.2294,2.98,25,Product Group 25,DG-08,0.08,S-1
726,Product 726,46.07,56.49,71.99,147,0.1845,10.42,19,Product Group 19,DG-07,0.07,S-1
347,Product 347,5.07,6.49,8.49,247,0.2188,1.42,23,Product Group 23,DG-05,0.05,S-1
104,Product 104,22.02,28.49,32.49,203,0.2271,6.47,37,Product Group 37,DG-03,0.03,S-1
521,Product 521,40.01,51.99,62.49,156,0.2304,11.98,24,Product Group 24,DG-00,0.0,S-1
781,Product 781,48.04,56.49,63.99,147,0.1496,8.45,16,Product Group 16,DG-04,0.04,S-1
534,Product 534,38.02,42.99,49.99,174,0.1156,4.97,11,Product Group 11,DG-02,0.02,S-1
99,Product 99,23.02,29.99,35.99,200,0.2324,6.97,38,Product Group 38,DG-07,0.07,S-1
27,Product 27,41.07,52.49,58.49,155,0.2176,11.42,23,Product Group 23,DG-05,0.05,S-1
803,Product 803,20.05,24.49,30.49,211,0.1813,4.44,30,Product Group 30,DG-02,0.02,S-1
226,Product 226,42.12,50.49,57.99,159,0.1658,8.37,0,Product Group 0,DG-07,0.07,S-1
142,Product 142,32.03,38.99,43.99,182,0.1785,6.96,17,Product Group 17,DG-09,0.09,S-1
418,Product 418,34.09,38.49,47.49,183,0.1143,4.4,46,Product Group 46,DG-05,0.05,S-1
880,Product 880,23.04,28.99,36.99,202,0.2052,5.95,17,Product Group 17,DG-09,0.09,S-1
733,Product 733,44.01,51.49,57.49,157,0.1453,7.48,1,Product Group 1,DG-06,0.06,S-1
46,Product 46,44.02,54.49,66.99,151,0.1921,10.47,36,Product Group 36,DG-07,0.07,S-1
319,Product 319,21.1,26.99,35.99,206,0.2182,5.89,9,Product Group 9,DG-02,0.02,S-1
484,Product 484,36.06,41.49,46.99,177,0.1309,5.43,31,Product Group 31,DG-02,0.02,S-1
546,Product 546,24.02,30.99,36.99,198,0.2249,6.97,3,Product Group 3,DG-08,0.08,S-1
410,Product 410,21.11,24.49,27.99,211,0.138,3.38,28,Product Group 28,DG-03,0.03,S-1
391,Product 391,17.11,21.49,27.49,217,0.2038,4.38,6,Product Group 6,DG-00,0.0,S-1
742,Product 742,38.08,42.99,47.99,174,0.1142,4.91,2,Product Group 2,DG-04,0.04,S-1
994,Product 994,42.0,51.49,62.99,157,0.1843,9.49,7,Product Group 7,DG-01,0.01,S-1
939,Product 939,15.12,19.99,26.49,220,0.2436,4.87,24,Product Group 24,DG-00,0.0,S-1
166,Product 166,17.05,21.99,28.49,216,0.2246,4.94,12,Product Group 12,DG-05,0.05,S-1
613,Product 613,10.09,12.99,15.49,234,0.2232,2.9,3,Product Group 3,DG-08,0.08,S-1
731,Product 731,7.1,8.99,11.49,242,0.2102,1.89,28,Product Group 28,DG-03,0.03,S-1
542,Product 542,34.06,38.99,48.99,182,0.1264,4.93,44,Product Group 44,DG-07,0.07,S-1
687,Product 687,46.07,52.99,60.49,154,0.1306,6.92,37,Product Group 37,DG-03,0.03,S-1
223,Product 223,46.01,53.99,65.49,152,0.1478,7.98,10,Product Group 10,DG-01,0.01,S-1
580,Product 580,42.11,49.99,63.49,160,0.1576,7.88,48,Product Group 48,DG-06,0.06,S-1
140,Product 140,22.11,25.49,31.99,209,0.1326,3.38,7,Product Group 7,DG-01,0.01,S-1
56,Product 56,31.12,38.49,47.49,183,0.1915,7.37,8,Product Group 8,DG-01,0.01,S-1
39,Product 39,48.01,53.49,66.49,153,0.1024,5.48,15,Product Group 15,DG-09,0.09,S-1
832,Product 832,33.1,38.99,50.49,182,0.1511,5.89,31,Product Group 31,DG-02,0.02,S-1
567,Product 567,36.0,41.99,48.99,176,0.1427,5.99,33,Product Group 33,DG-04,0.04,S-1
808,Product 808,37.05,45.49,56.49,169,0.1855,8.44,26,Product Group 26,DG-06,0.06,S-1
121,Product 121,18.05,22.49,25.49,215,0.1974,4.44,19,Product Group 19,DG-07,0.07,S-1
397,Product 397,40.03,47.99,60.99,164,0.1659,7.96,32,Product Group 32,DG-08,0.08,S-1
787,Product 787,39.01,50.49,57.49,159,0.2274,11.48,24,Product Group 24,DG-00,0.0,S-1
630,Product 630,47.06,59.99,67.49,140,0.2155,12.93,48,Product Group 48,DG-06,0.06,S-1
516,Product 516,8.06,10.99,14.99,238,0.2666,2.93,39,Product Group 39,DG-05,0.05,S-1
447,Product 447,13.01,15.49,19.49,229,0.1601,2.48,4,Product Group 4,DG-03,0.03,S-1
458,Product 458,26.08,34.49,44.49,191,0.2438,8.41,21,Product Group 21,DG-00,0.0,S-1
677,Product 677,48.05,57.99,67.49,144,0.1714,9.94,17,Product Group 17,DG-09,0.09,S-1
237,Product 237,5.0,6.99,8.99,246,0.2847,1.99,1,Product Group 1,DG-06,0.06,S-1
864,Product 864,9.13,11.99,13.49,236,0.2385,2.86,28,Product Group 28,DG-03,0.03,S-1
652,Product 652,19.07,22.99,29.99,214,0.1705,3.92,27,Product Group 27,DG-09,0.09,S-1
65,Product 65,29.12,32.99,38.99,194,0.1173,3.87,3,Product Group 3,DG-08,0.08,S-1
960,Product 960,30.03,38.49,48.49,183,0.2198,8.46,14,Product Group 14,DG-03,0.03,S-1
495,Product 495,32.02,39.99,45.99,180,0.1993,7.97,25,Product Group 25,DG-08,0.08,S-1
894,Product 894,43.1,50.99,58.49,158,0.1547,7.89,26,Product Group 26,DG-06,0.06,S-1
353,Product 353,5.03,6.99,8.49,246,0.2804,1.96,41,Product Group 41,DG-01,0.01,S-1
383,Product 383,41.07,51.99,63.49,156,0.21,10.92,7,Product Group 7,DG-01,0.01,S-1
634,Product 634,13.07,16.49,19.49,227,0.2074,3.42,27,Product Group 27,DG-09,0.09,S-1
256,Product 256,26.1,29.49,35.49,201,0.115,3.39,6,Product Group 6,DG-00,0.0,S-1
456,Product 456,30.05,33.99,41.49,192,0.1159,3.94,15,Product Group 15,DG-09,0.09,S-1
5,Product 5,25.13,30.49,34.49,199,0.1758,5.36,30,Product Group 30,DG-02,0.02,S-1
598,Product 598,33.07,42.49,51.99,175,0.2217,9.42,35,Product Group 35,DG-08,0.08,S-1
782,Product 782,21.08,24.49,29.99,211,0.1392,3.41,11,Product Group 11,DG-02,0.02,S-1
506,Product 506,12.04,14.49,16.99,231,0.1691,2.45,11,Product Group 11,DG-02,0.02,S-1
636,Product 636,26.01,32.49,38.49,195,0.1994,6.48,18,Product Group 18,DG-02,0.02,S-1
222,Product 222,29.02,35.99,46.49,188,0.1937,6.97,6,Product Group 6,DG-00,0.0,S-1
778,Product 778,37.08,43.49,55.49,173,0.1474,6.41,19,Product Group 19,DG-07,0.07,S-1
246,Product 246,33.02,42.99,50.49,174,0.2319,9.97,18,Product Group 18,DG-02,0.02,S-1
445,Product 445,30.02,36.49,47.49,187,0.1773,6.47,33,Product Group 33,DG-04,0.04,S-1
60,Product 60,48.13,56.49,70.49,147,0.148,8.36,30,Product Group 30,DG-02,0.02,S-1
376,Product 376,41.06,45.99,51.99,168,0.1072,4.93,48,Product Group 48,DG-06,0.06,S-1
556,Product 556,48.07,57.49,68.49,145,0.1639,9.42,34,Product Group 34,DG-04,0.04,S-1
169,Product 169,18.11,21.99,25.49,216,0.1764,3.88,29,Product Group 29,DG-01,0.01,S-1
362,Product 362,30.12,38.99,48.99,182,0.2275,8.87,45,Product Group 45,DG-00,0.0,S-1
225,Product 225,30.04,38.99,50.49,182,0.2295,8.95,24,Product Group 24,DG-00,0.0,S-1
49,Product 49,17.01,21.99,24.49,216,0.2265,4.98,47,Product Group 47,DG-09,0.09,S-1
218,Product 218,33.02,37.49,43.49,185,0.1192,4.47,41,Product Group 41,DG-01,0.01,S-1
200,Product 200,33.11,42.49,53.49,175,0.2208,9.38,18,Product Group 18,DG-02,0.02,S-1
916,Product 916,45.07,54.99,64.49,150,0.1804,9.92,42,Product Group 42,DG-06,0.06,S-1
642,Product 642,36.11,45.99,51.99,168,0.2148,9.88,21,Product Group 21,DG-00,0.0,S-1
355,Product 355,47.01,53.49,63.99,153,0.1211,6.48,25,Product Group 25,DG-08,0.08,S-1
42,Product 42,8.13,10.49,13.49,239,0.225,2.36,16,Product Group 16,DG-04,0.04,S-1
112,Product 112,16.01,18.99,23.49,222,0.1569,2.98,15,Product Group 15,DG-09,0.09,S-1
586,Product 586,38.06,46.99,59.99,166,0.19,8.93,4,Product Group 4,DG-03,0.03,S-1
28,Product 28,49.11,63.99,77.49,132,0.2325,14.88,37,Product Group 37,DG-03,0.03,S-1
824,Product 824,8.08,10.49,14.99,239,0.2297,2.41,37,Product Group 37,DG-03,0.03,S-1
850,Product 850,17.06,21.99,26.99,216,0.2242,4.93,26,Product Group 26,DG-06,0.06,S-1
439,Product 439,43.1,48.99,62.49,162,0.1202,5.89,38,Product Group 38,DG-07,0.07,S-1
101,Product 101,47.09,59.99,75.99,140,0.215,12.9,33,Product Group 33,DG-04,0.04,S-1
753,Product 753,45.1,58.99,75.99,142,0.2355,13.89,20,Product Group 20,DG-06,0.06,S-1
715,Product 715,24.04,27.99,35.99,204,0.1411,3.95,16,Product Group 16,DG-04,0.04,S-1
762,Product 762,30.07,33.49,40.99,193,0.1021,3.42,19,Product Group 19,DG-07,0.07,S-1
477,Product 477,7.12,8.49,10.49,243,0.1614,1.37,46,Product Group 46,DG-05,0.05,S-1
959,Product 959,36.11,45.49,51.99,169,0.2062,9.38,18,Product Group 18,DG-02,0.02,S-1
775,Product 775,8.06,10.49,12.99,239,0.2316,2.43,46,Product Group 46,DG-05,0.05,S-1
465,Product 465,17.08,21.49,26.99,217,0.2052,4.41,36,Product Group 36,DG-07,0.07,S-1
981,Product 981,13.11,15.99,18.49,228,0.1801,2.88,7,Product Group 7,DG-01,0.01,S-1
62,Product 62,28.04,32.49,42.49,195,0.137,4.45,9,Product Group 9,DG-02,0.02,S-1
749,Product 749,35.02,39.99,50.49,180,0.1243,4.97,0,Product Group 0,DG-07,0.07,S-1
554,Product 554,35.09,42.99,47.99,174,0.1838,7.9,47,Product Group 47,DG-09,0.09,S-1
148,Product 148,8.08,10.99,13.99,238,0.2648,2.91,49,Product Group 49,DG-04,0.04,S-1
900,Product 900,21.1,25.99,29.99,208,0.1881,4.89,3,Product Group 3,DG-08,0.08,S-1
810,Product 810,8.03,10.49,12.49,239,0.2345,2.46,32,Product Group 32,DG-08,0.08,S-1
242,Product 242,32.1,35.49,40.99,189,0.0955,3.39,39,Product Group 39,DG-05,0.05,S-1
43,Product 43,11.08,14.49,17.49,231,0.2353,3.41,12,Product Group 12,DG-05,0.05,S-1
211,Product 211,29.03,33.99,44.99,192,0.1459,4.96,26,Product Group 26,DG-06,0.06,S-1
530,Product 530,27.04,35.49,40.49,189,0.2381,8.45,24,Product Group 24,DG-00,0.0,S-1
474,Product 474,14.03,17.49,21.49,225,0.1978,3.46,13,Product Group 13,DG-05,0.05,S-1
373,Product 373,48.04,60.49,71.99,139,0.2058,12.45,16,Product Group 16,DG-04,0.04,S-1
77,Product 77,16.02,18.49,22.99,223,0.1336,2.47,40,Product Group 40,DG-09,0.09,S-1
974,Product 974,21.04,24.99,27.49,210,0.1581,3.95,46,Product Group 46,DG-05,0.05,S-1
204,Product 204,6.02,7.49,9.99,245,0.1963,1.47,18,Product Group 18,DG-02,0.02,S-1
583,Product 583,42.09,47.49,54.99,165,0.1137,5.4,38,Product Group 38,DG-07,0.07,S-1
41,Product 41,14.08,17.99,21.49,224,0.2173,3.91,40,Product Group 40,DG-09,0.09,S-1
767,Product 767,35.01,41.99,50.99,176,0.1662,6.98,19,Product Group 19,DG-07,0.07,S-1
487,Product 487,12.06,15.99,18.49,228,0.2458,3.93,36,Product Group 36,DG-07,0.07,S-1
714,Product 714,11.09,14.99,18.49,230,0.2602,3.9,49,Product Group 49,DG-04,0.04,S-1
975,Product 975,46.06,52.49,64.49,155,0.1225,6.43,9,Product Group 9,DG-02,0.02,S-1
591,Product 591,30.03,38.99,48.99,182,0.2298,8.96,17,Product Group 17,DG-09,0.09,S-1
100,Product 100,29.02,37.49,44.99,185,0.2259,8.47,8,Product Group 8,DG-01,0.01,S-1
545,Product 545,38.05,47.49,54.99,165,0.1988,9.44,45,Product Group 45,DG-00,0.0,S-1
459,Product 459,14.03,18.99,22.99,222,0.2612,4.96,0,Product Group 0,DG-07,0.07,S-1
162,Product 162,46.06,51.99,61.99,156,0.1141,5.93,44,Product Group 44,DG-07,0.07,S-1
299,Product 299,41.1,51.49,58.99,157,0.2018,10.39,15,Product Group 15,DG-09,0.09,S-1
359,Product 359,34.06,39.49,45.99,181,0.1375,5.43,2,Product Group 2,DG-04,0.04,S-1
151,Product 151,42.03,48.49,54.49,163,0.1332,6.46,16,Product Group 16,DG-04,0.04,S-1
349,Product 349,48.06,55.49,61.49,149,0.1339,7.43,35,Product Group 35,DG-08,0.08,S-1
105,Product 105,36.13,44.99,50.49,170,0.1969,8.86,44,Product Group 44,DG-07,0.07,S-1
332,Product 332,31.01,35.99,40.49,188,0.1384,4.98,48,Product Group 48,DG-06,0.06,S-1
524,Product 524,13.11,15.99,18.49,228,0.1801,2.88,9,Product Group 9,DG-02,0.02,S-1
324,Product 324,37.05,46.49,55.99,167,0.2031,9.44,41,Product Group 41,DG-01,0.01,S-1
818,Product 818,42.07,54.99,62.99,150,0.235,12.92,17,Product Group 17,DG-09,0.09,S-1
607,Product 607,26.08,32.49,38.49,195,0.1973,6.41,46,Product Group 46,DG-05,0.05,S-1
724,Product 724,24.05,27.49,35.49,205,0.1251,3.44,12,Product Group 12,DG-05,0.05,S-1
721,Product 721,41.08,52.99,64.99,154,0.2248,11.91,42,Product Group 42,DG-06,0.06,S-1
276,Product 276,43.02,53.99,65.49,152,0.2032,10.97,37,Product Group 37,DG-03,0.03,S-1
955,Product 955,32.05,37.49,44.99,185,0.1451,5.44,24,Product Group 24,DG-00,0.0,S-1
794,Product 794,46.02,59.99,69.99,140,0.2329,13.97,6,Product Group 6,DG-00,0.0,S-1
649,Product 649,16.06,20.49,23.99,219,0.2162,4.43,13,Product Group 13,DG-05,0.05,S-1
578,Product 578,12.06,14.99,17.49,230,0.1955,2.93,34,Product Group 34,DG-04,0.04,S-1
514,Product 514,19.03,24.49,28.99,211,0.2229,5.46,1,Product Group 1,DG-06,0.06,S-1
713,Product 713,16.06,18.99,24.49,222,0.1543,2.93,32,Product Group 32,DG-08,0.08,S-1
4,Product 4,41.07,50.49,63.49,159,0.1866,9.42,26,Product Group 26,DG-06,0.06,S-1
249,Product 249,48.04,56.99,71.99,146,0.157,8.95,11,Product Group 11,DG-02,0.02,S-1
755,Product 755,15.06,17.99,22.99,224,0.1629,2.93,43,Product Group 43,DG-00,0.0,S-1
59,Product 59,12.06,14.99,18.49,230,0.1955,2.93,3,Product Group 3,DG-08,0.08,S-1
908,Product 908,45.07,53.49,63.49,153,0.1574,8.42,26,Product Group 26,DG-06,0.06,S-1
492,Product 492,39.12,47.99,61.49,164,0.1848,8.87,11,Product Group 11,DG-02,0.02,S-1
247,Product 247,8.05,10.99,12.99,238,0.2675,2.94,48,Product Group 48,DG-06,0.06,S-1
705,Product 705,44.02,52.49,63.49,155,0.1614,8.47,33,Product Group 33,DG-04,0.04,S-1
573,Product 573,44.1,52.99,64.49,154,0.1678,8.89,43,Product Group 43,DG-00,0.0,S-1
826,Product 826,5.01,6.49,8.49,247,0.228,1.48,3,Product Group 3,DG-08,0.08,S-1
890,Product 890,45.11,52.49,66.99,155,0.1406,7.38,45,Product Group 45,DG-00,0.0,S-1
836,Product 836,44.03,52.99,64.99,154,0.1691,8.96,43,Product Group 43,DG-00,0.0,S-1
464,Product 464,34.04,39.49,49.49,181,0.138,5.45,35,Product Group 35,DG-08,0.08,S-1
483,Product 483,6.1,7.99,10.49,244,0.2365,1.89,38,Product Group 38,DG-07,0.07,S-1
131,Product 131,15.02,17.49,22.49,225,0.1412,2.47,0,Product Group 0,DG-07,0.07,S-1
907,Product 907,26.08,31.99,40.99,196,0.1847,5.91,18,Product Group 18,DG-02,0.02,S-1
584,Product 584,13.06,15.99,20.99,228,0.1832,2.93,42,Product Group 42,DG-06,0.06,S-1
693,Product 693,40.01,44.99,56.99,170,0.1107,4.98,22,Product Group 22,DG-03,0.03,S-1
970,Product 970,24.08,31.49,36.49,197,0.2353,7.41,6,Product Group 6,DG-00,0.0,S-1
298,Product 298,19.12,22.99,26.49,214,0.1683,3.87,34,Product Group 34,DG-04,0.04,S-1
761,Product 761,23.03,27.99,31.99,204,0.1772,4.96,32,Product Group 32,DG-08,0.08,S-1
252,Product 252,33.01,41.99,48.49,176,0.2139,8.98,27,Product Group 27,DG-09,0.09,S-1
398,Product 398,43.09,48.99,60.49,162,0.1204,5.9,35,Product Group 35,DG-08,0.08,S-1
537,Product 537,48.13,53.99,70.49,152,0.1085,5.86,46,Product Group 46,DG-05,0.05,S-1
34,Product 34,16.1,19.99,24.99,220,0.1946,3.89,32,Product Group 32,DG-08,0.08,S-1
743,Product 743,25.07,30.49,36.99,199,0.1778,5.42,31,Product Group 31,DG-02,0.02,S-1
392,Product 392,49.12,62.99,77.99,134,0.2202,13.87,27,Product Group 27,DG-09,0.09,S-1
849,Product 849,44.03,53.49,69.99,153,0.1769,9.46,48,Product Group 48,DG-06,0.06,S-1
255,Product 255,47.02,57.49,72.99,145,0.1821,10.47,19,Product Group 19,DG-07,0.07,S-1
462,Product 462,6.09,8.99,11.49,242,0.3226,2.9,29,Product Group 29,DG-01,0.01,S-1
594,Product 594,28.01,33.49,42.49,193,0.1636,5.48,24,Product Group 24,DG-00,0.0,S-1
129,Product 129,44.13,50.99,57.49,158,0.1345,6.86,33,Product Group 33,DG-04,0.04,S-1
817,Product 817,18.12,22.49,29.99,215,0.1943,4.37,43,Product Group 43,DG-00,0.0,S-1
480,Product 480,20.1,24.49,31.49,211,0.1793,4.39,8,Product Group 8,DG-01,0.01,S-1
624,Product 624,33.03,41.99,52.49,176,0.2134,8.96,14,Product Group 14,DG-03,0.03,S-1
523,Product 523,26.02,32.49,39.99,195,0.1991,6.47,49,Product Group 49,DG-04,0.04,S-1
111,Product 111,34.08,43.49,56.49,173,0.2164,9.41,45,Product Group 45,DG-00,0.0,S-1
528,Product 528,49.13,58.99,65.99,142,0.1671,9.86,20,Product Group 20,DG-06,0.06,S-1
380,Product 380,29.02,34.99,45.99,190,0.1706,5.97,21,Product Group 21,DG-00,0.0,S-1
354,Product 354,47.06,59.99,69.99,140,0.2155,12.93,23,Product Group 23,DG-05,0.05,S-1
679,Product 679,31.12,39.99,48.49,180,0.2218,8.87,13,Product Group 13,DG-05,0.05,S-1
738,Product 738,8.11,10.99,13.49,238,0.2621,2.88,18,Product Group 18,DG-02,0.02,S-1
408,Product 408,9.08,10.99,14.49,238,0.1738,1.91,34,Product Group 34,DG-04,0.04,S-1
793,Product 793,6.04,7.99,10.49,244,0.2441,1.95,8,Product Group 8,DG-01,0.01,S-1
663,Product 663,48.06,54.49,64.99,151,0.118,6.43,37,Product Group 37,DG-03,0.03,S-1
568,Product 568,42.04,53.99,66.99,152,0.2213,11.95,19,Product Group 19,DG-07,0.07,S-1
192,Product 192,13.05,16.49,19.99,227,0.2086,3.44,40,Product Group 40,DG-09,0.09,S-1
904,Product 904,10.03,11.99,15.49,236,0.1635,1.96,2,Product Group 2,DG-04,0.04,S-1
961,Product 961,44.06,52.99,64.49,154,0.1685,8.93,39,Product Group 39,DG-05,0.05,S-1
403,Product 403,5.08,6.49,8.99,247,0.2173,1.41,36,Product Group 36,DG-07,0.07,S-1
763,Product 763,38.05,48.49,58.99,163,0.2153,10.44,16,Product Group 16,DG-04,0.04,S-1
582,Product 582,31.13,37.49,45.99,185,0.1696,6.36,11,Product Group 11,DG-02,0.02,S-1
501,Product 501,5.1,6.99,8.49,246,0.2704,1.89,11,Product Group 11,DG-02,0.02,S-1
551,Product 551,35.02,42.49,50.49,175,0.1758,7.47,21,Product Group 21,DG-00,0.0,S-1
555,Product 555,17.01,22.49,25.49,215,0.2437,5.48,32,Product Group 32,DG-08,0.08,S-1
473,Product 473,14.1,17.49,23.49,225,0.1938,3.39,20,Product Group 20,DG-06,0.06,S-1
96,Product 96,29.02,32.49,39.49,195,0.1068,3.47,11,Product Group 11,DG-02,0.02,S-1
646,Product 646,30.01,36.99,47.99,186,0.1887,6.98,23,Product Group 23,DG-05,0.05,S-1
143,Product 143,45.12,53.99,63.99,152,0.1643,8.87,2,Product Group 2,DG-04,0.04,S-1
658,Product 658,25.0,28.49,32.99,203,0.1225,3.49,45,Product Group 45,DG-00,0.0,S-1
158,Product 158,31.0,34.49,43.99,191,0.1012,3.49,37,Product Group 37,DG-03,0.03,S-1
442,Product 442,29.07,35.99,45.49,188,0.1923,6.92,41,Product Group 41,DG-01,0.01,S-1
188,Product 188,9.11,11.49,14.99,237,0.2071,2.38,41,Product Group 41,DG-01,0.01,S-1
674,Product 674,42.03,53.99,67.49,152,0.2215,11.96,2,Product Group 2,DG-04,0.04,S-1
887,Product 887,47.13,53.49,64.99,153,0.1189,6.36,47,Product Group 47,DG-09,0.09,S-1
453,Product 453,35.03,39.99,47.99,180,0.124,4.96,38,Product Group 38,DG-07,0.07,S-1
141,Product 141,13.0,16.99,20.49,226,0.2348,3.99,0,Product Group 0,DG-07,0.07,S-1
549,Product 549,7.11,8.99,11.99,242,0.2091,1.88,25,Product Group 25,DG-08,0.08,S-1
414,Product 414,24.05,30.99,40.99,198,0.2239,6.94,44,Product Group 44,DG-07,0.07,S-1
244,Product 244,11.03,14.49,18.99,231,0.2388,3.46,10,Product Group 10,DG-01,0.01,S-1
892,Product 892,14.06,17.49,21.99,225,0.1961,3.43,14,Product Group 14,DG-03,0.03,S-1
489,Product 489,8.05,10.49,12.99,239,0.2326,2.44,37,Product Group 37,DG-03,0.03,S-1
730,Product 730,20.06,23.99,29.99,212,0.1638,3.93,33,Product Group 33,DG-04,0.04,S-1
752,Product 752,35.07,40.99,51.49,178,0.1444,5.92,11,Product Group 11,DG-02,0.02,S-1
232,Product 232,42.11,48.49,56.99,163,0.1316,6.38,26,Product Group 26,DG-06,0.06,S-1
914,Product 914,17.02,21.49,27.49,217,0.208,4.47,38,Product Group 38,DG-07,0.07,S-1
618,Product 618,44.04,51.99,62.99,156,0.1529,7.95,43,Product Group 43,DG-00,0.0,S-1
61,Product 61,32.04,41.49,47.49,177,0.2278,9.45,20,Product Group 20,DG-06,0.06,S-1
94,Product 94,19.06,22.49,28.49,215,0.1525,3.43,10,Product Group 10,DG-01,0.01,S-1
759,Product 759,37.11,48.99,63.99,162,0.2425,11.88,1,Product Group 1,DG-06,0.06,S-1
656,Product 656,34.13,41.99,50.49,176,0.1872,7.86,6,Product Group 6,DG-00,0.0,S-1
460,Product 460,5.0,6.49,7.99,247,0.2296,1.49,27,Product Group 27,DG-09,0.09,S-1
421,Product 421,34.08,39.49,49.99,181,0.137,5.41,37,Product Group 37,DG-03,0.03,S-1
160,Product 160,47.05,56.99,63.99,146,0.1744,9.94,5,Product Group 5,DG-08,0.08,S-1
905,Product 905,25.12,29.99,33.49,200,0.1624,4.87,48,Product Group 48,DG-06,0.06,S-1
984,Product 984,37.12,41.49,49.99,177,0.1053,4.37,38,Product Group 38,DG-07,0.07,S-1
318,Product 318,16.04,19.99,25.99,220,0.1976,3.95,48,Product Group 48,DG-06,0.06,S-1
903,Product 903,34.1,44.49,49.49,171,0.2335,10.39,18,Product Group 18,DG-02,0.02,S-1
863,Product 863,39.03,48.99,59.49,162,0.2033,9.96,49,Product Group 49,DG-04,0.04,S-1
75,Product 75,34.03,43.49,53.49,173,0.2175,9.46,34,Product Group 34,DG-04,0.04,S-1
935,Product 935,34.08,42.49,51.99,175,0.1979,8.41,29,Product Group 29,DG-01,0.01,S-1
44,Product 44,43.02,50.99,64.99,158,0.1563,7.97,18,Product Group 18,DG-02,0.02,S-1
559,Product 559,47.05,57.99,65.49,144,0.1887,10.94,42,Product Group 42,DG-06,0.06,S-1
240,Product 240,16.12,18.99,24.49,222,0.1511,2.87,33,Product Group 33,DG-04,0.04,S-1
181,Product 181,8.03,10.49,12.99,239,0.2345,2.46,45,Product Group 45,DG-00,0.0,S-1
866,Product 866,15.1,17.49,20.49,225,0.1366,2.39,24,Product Group 24,DG-00,0.0,S-1
74,Product 74,26.07,29.99,34.49,200,0.1307,3.92,27,Product Group 27,DG-09,0.09,S-1
79,Product 79,38.01,47.49,53.99,165,0.1996,9.48,8,Product Group 8,DG-01,0.01,S-1
144,Product 144,18.0,22.49,26.49,215,0.1996,4.49,24,Product Group 24,DG-00,0.0,S-1
295,Product 295,40.01,50.99,58.49,158,0.2153,10.98,21,Product Group 21,DG-00,0.0,S-1
957,Product 957,47.07,52.99,58.99,154,0.1117,5.92,42,Product Group 42,DG-06,0.06,S-1
660,Product 660,28.07,35.99,44.99,188,0.2201,7.92,44,Product Group 44,DG-07,0.07,S-1
265,Product 265,6.05,7.99,9.49,244,0.2428,1.94,42,Product Group 42,DG-06,0.06,S-1
877,Product 877,15.1,17.99,21.49,224,0.1606,2.89,47,Product Group 47,DG-09,0.09,S-1
550,Product 550,12.01,13.99,16.49,232,0.1415,1.98,21,Product Group 21,DG-00,0.0,S-1
37,Product 37,19.1,21.99,26.49,216,0.1314,2.89,0,Product Group 0,DG-07,0.07,S-1
466,Product 466,5.07,6.99,8.99,246,0.2747,1.92,43,Product Group 43,DG-00,0.0,S-1
436,Product 436,28.08,36.49,45.99,187,0.2305,8.41,18,Product Group 18,DG-02,0.02,S-1
68,Product 68,15.01,18.49,21.99,223,0.1882,3.48,32,Product Group 32,DG-08,0.08,S-1
734,Product 734,14.07,16.49,20.49,227,0.1468,2.42,3,Product Group 3,DG-08,0.08,S-1
215,Product 215,30.08,39.99,46.99,180,0.2478,9.91,14,Product Group 14,DG-03,0.03,S-1
125,Product 125,16.05,18.99,22.49,222,0.1548,2.94,1,Product Group 1,DG-06,0.06,S-1
227,Product 227,40.05,44.49,55.49,171,0.0998,4.44,21,Product Group 21,DG-00,0.0,S-1
946,Product 946,26.05,33.49,39.99,193,0.2222,7.44,13,Product Group 13,DG-05,0.05,S-1
253,Product 253,19.05,22.49,25.99,215,0.153,3.44,31,Product Group 31,DG-02,0.02,S-1
565,Product 565,34.01,39.49,43.49,181,0.1388,5.48,24,Product Group 24,DG-00,0.0,S-1
739,Product 739,12.0,15.99,20.99,228,0.2495,3.99,17,Product Group 17,DG-09,0.09,S-1
152,Product 152,42.1,51.49,62.49,157,0.1824,9.39,36,Product Group 36,DG-07,0.07,S-1
600,Product 600,14.07,17.49,20.99,225,0.1955,3.42,24,Product Group 24,DG-00,0.0,S-1
988,Product 988,6.04,7.49,9.99,245,0.1936,1.45,8,Product Group 8,DG-01,0.01,S-1
617,Product 617,8.01,10.99,14.49,238,0.2712,2.98,0,Product Group 0,DG-07,0.07,S-1
831,Product 831,27.07,33.99,41.99,192,0.2036,6.92,1,Product Group 1,DG-06,0.06,S-1
120,Product 120,13.11,14.49,18.99,231,0.0952,1.38,19,Product Group 19,DG-07,0.07,S-1
257,Product 257,13.01,17.99,22.49,224,0.2768,4.98,4,Product Group 4,DG-03,0.03,S-1
936,Product 936,33.11,41.99,46.99,176,0.2115,8.88,29,Product Group 29,DG-01,0.01,S-1
897,Product 897,28.08,33.99,39.49,192,0.1739,5.91,48,Product Group 48,DG-06,0.06,S-1
786,Product 786,44.07,53.99,61.49,152,0.1837,9.92,1,Product Group 1,DG-06,0.06,S-1
305,Product 305,38.0,46.99,56.49,166,0.1913,8.99,2,Product Group 2,DG-04,0.04,S-1
76,Product 76,26.02,34.49,44.99,191,0.2456,8.47,2,Product Group 2,DG-04,0.04,S-1
471,Product 471,32.11,41.49,46.99,177,0.2261,9.38,15,Product Group 15,DG-09,0.09,S-1
552,Product 552,42.08,53.99,65.49,152,0.2206,11.91,17,Product Group 17,DG-09,0.09,S-1
1,Product 1,36.06,45.99,55.99,168,0.2159,9.93,48,Product Group 48,DG-06,0.06,S-1
593,Product 593,13.03,15.99,18.49,228,0.1851,2.96,33,Product Group 33,DG-04,0.04,S-1
210,Product 210,49.06,58.49,73.49,143,0.1612,9.43,23,Product Group 23,DG-05,0.05,S-1
382,Product 382,15.12,17.49,21.49,225,0.1355,2.37,17,Product Group 17,DG-09,0.09,S-1
102,Product 102,36.12,46.49,54.49,167,0.2231,10.37,13,Product Group 13,DG-05,0.05,S-1
768,Product 768,45.04,51.49,64.99,157,0.1253,6.45,29,Product Group 29,DG-01,0.01,S-1
689,Product 689,47.08,56.49,72.49,147,0.1666,9.41,45,Product Group 45,DG-00,0.0,S-1
532,Product 532,9.12,11.49,14.99,237,0.2063,2.37,39,Product Group 39,DG-05,0.05,S-1
428,Product 428,35.04,41.49,47.49,177,0.1555,6.45,13,Product Group 13,DG-05,0.05,S-1
342,Product 342,16.01,18.99,22.49,222,0.1569,2.98,41,Product Group 41,DG-01,0.01,S-1
533,Product 533,43.07,50.99,57.99,158,0.1553,7.92,36,Product Group 36,DG-07,0.07,S-1
107,Product 107,14.03,17.49,20.49,225,0.1978,3.46,25,Product Group 25,DG-08,0.08,S-1
867,Product 867,48.1,56.99,73.49,146,0.156,8.89,37,Product Group 37,DG-03,0.03,S-1
547,Product 547,14.11,17.99,22.99,224,0.2157,3.88,32,Product Group 32,DG-08,0.08,S-1
424,Product 424,41.03,53.49,59.99,153,0.2329,12.46,6,Product Group 6,DG-00,0.0,S-1
10,Product 10,24.12,29.49,35.99,201,0.1821,5.37,0,Product Group 0,DG-07,0.07,S-1
654,Product 654,48.03,61.49,77.49,137,0.2189,13.46,47,Product Group 47,DG-09,0.09,S-1
219,Product 219,44.07,53.99,63.99,152,0.1837,9.92,38,Product Group 38,DG-07,0.07,S-1
659,Product 659,45.08,54.99,62.99,150,0.1802,9.91,19,Product Group 19,DG-07,0.07,S-1
522,Product 522,37.05,44.49,56.99,171,0.1672,7.44,3,Product Group 3,DG-08,0.08,S-1
928,Product 928,30.1,37.99,48.99,184,0.2077,7.89,36,Product Group 36,DG-07,0.07,S-1
639,Product 639,5.05,6.99,9.99,246,0.2775,1.94,11,Product Group 11,DG-02,0.02,S-1
802,Product 802,22.12,26.49,34.99,207,0.165,4.37,25,Product Group 25,DG-08,0.08,S-1
260,Product 260,5.09,6.99,9.99,246,0.2718,1.9,47,Product Group 47,DG-09,0.09,S-1
262,Product 262,20.0,22.49,29.99,215,0.1107,2.49,11,Product Group 11,DG-02,0.02,S-1
127,Product 127,23.0,26.49,32.49,207,0.1317,3.49,21,Product Group 21,DG-00,0.0,S-1
541,Product 541,49.08,58.49,71.49,143,0.1609,9.41,32,Product Group 32,DG-08,0.08,S-1
467,Product 467,26.09,31.49,36.49,197,0.1715,5.4,29,Product Group 29,DG-01,0.01,S-1
31,Product 31,8.05,10.49,12.49,239,0.2326,2.44,3,Product Group 3,DG-08,0.08,S-1
980,Product 980,41.1,52.49,61.49,155,0.217,11.39,42,Product Group 42,DG-06,0.06,S-1
343,Product 343,18.06,22.49,27.99,215,0.197,4.43,4,Product Group 4,DG-03,0.03,S-1
302,Product 302,48.02,62.49,71.99,135,0.2316,14.47,21,Product Group 21,DG-00,0.0,S-1
387,Product 387,18.02,21.99,27.99,216,0.1805,3.97,7,Product Group 7,DG-01,0.01,S-1
640,Product 640,26.0,32.99,41.49,194,0.2119,6.99,20,Product Group 20,DG-06,0.06,S-1
526,Product 526,7.02,9.49,12.49,241,0.2603,2.47,14,Product Group 14,DG-03,0.03,S-1
57,Product 57,42.01,50.49,62.49,159,0.168,8.48,36,Product Group 36,DG-07,0.07,S-1
294,Product 294,12.13,16.49,21.49,227,0.2644,4.36,24,Product Group 24,DG-00,0.0,S-1
563,Product 563,37.0,46.49,57.99,167,0.2041,9.49,6,Product Group 6,DG-00,0.0,S-1
571,Product 571,42.12,52.99,60.99,154,0.2051,10.87,22,Product Group 22,DG-03,0.03,S-1
348,Product 348,27.08,30.49,35.99,199,0.1118,3.41,5,Product Group 5,DG-08,0.08,S-1
703,Product 703,28.05,35.49,42.99,189,0.2096,7.44,44,Product Group 44,DG-07,0.07,S-1
933,Product 933,17.1,22.49,25.99,215,0.2397,5.39,48,Product Group 48,DG-06,0.06,S-1
241,Product 241,44.12,56.49,67.49,147,0.219,12.37,17,Product Group 17,DG-09,0.09,S-1
128,Product 128,9.12,11.99,15.99,236,0.2394,2.87,1,Product Group 1,DG-06,0.06,S-1
508,Product 508,18.11,23.99,27.99,212,0.2451,5.88,2,Product Group 2,DG-04,0.04,S-1
427,Product 427,47.01,61.99,74.49,136,0.2417,14.98,14,Product Group 14,DG-03,0.03,S-1
400,Product 400,25.03,28.49,34.99,203,0.1214,3.46,2,Product Group 2,DG-04,0.04,S-1
627,Product 627,41.02,52.99,63.99,154,0.2259,11.97,4,Product Group 4,DG-03,0.03,S-1
708,Product 708,36.04,43.99,49.49,172,0.1807,7.95,27,Product Group 27,DG-09,0.09,S-1
517,Product 517,49.06,57.49,68.99,145,0.1466,8.43,30,Product Group 30,DG-02,0.02,S-1
15,Product 15,26.06,32.99,36.99,194,0.2101,6.93,5,Product Group 5,DG-08,0.08,S-1
606,Product 606,48.09,54.49,67.99,151,0.1175,6.4,19,Product Group 19,DG-07,0.07,S-1
553,Product 553,40.0,45.49,52.99,169,0.1207,5.49,12,Product Group 12,DG-05,0.05,S-1
109,Product 109,5.01,6.99,8.99,246,0.2833,1.98,21,Product Group 21,DG-00,0.0,S-1
138,Product 138,30.07,35.99,43.99,188,0.1645,5.92,1,Product Group 1,DG-06,0.06,S-1
816,Product 816,24.11,28.99,34.99,202,0.1683,4.88,28,Product Group 28,DG-03,0.03,S-1
300,Product 300,19.02,21.49,27.49,217,0.1149,2.47,44,Product Group 44,DG-07,0.07,S-1
137,Product 137,17.02,19.99,26.99,220,0.1486,2.97,34,Product Group 34,DG-04,0.04,S-1
800,Product 800,12.03,14.49,18.99,231,0.1698,2.46,21,Product Group 21,DG-00,0.0,S-1
968,Product 968,8.13,10.99,13.49,238,0.2602,2.86,19,Product Group 19,DG-07,0.07,S-1
250,Product 250,34.01,43.49,49.49,173,0.218,9.48,20,Product Group 20,DG-06,0.06,S-1
170,Product 170,16.05,21.99,25.49,216,0.2701,5.94,12,Product Group 12,DG-05,0.05,S-1
972,Product 972,21.06,25.49,31.49,209,0.1738,4.43,30,Product Group 30,DG-02,0.02,S-1
548,Product 548,35.03,41.49,48.99,177,0.1557,6.46,48,Product Group 48,DG-06,0.06,S-1
84,Product 84,25.01,30.49,35.99,199,0.1797,5.48,35,Product Group 35,DG-08,0.08,S-1
331,Product 331,28.03,36.49,43.49,187,0.2318,8.46,14,Product Group 14,DG-03,0.03,S-1
581,Product 581,20.02,25.49,31.49,209,0.2146,5.47,18,Product Group 18,DG-02,0.02,S-1
941,Product 941,17.09,21.49,24.49,217,0.2047,4.4,10,Product Group 10,DG-01,0.01,S-1
651,Product 651,48.06,59.49,77.49,141,0.1921,11.43,35,Product Group 35,DG-08,0.08,S-1
189,Product 189,15.07,19.49,25.49,221,0.2268,4.42,42,Product Group 42,DG-06,0.06,S-1
673,Product 673,34.02,40.99,45.49,178,0.17,6.97,8,Product Group 8,DG-01,0.01,S-1
750,Product 750,46.1,55.49,64.49,149,0.1692,9.39,36,Product Group 36,DG-07,0.07,S-1
579,Product 579,9.05,11.99,15.49,236,0.2452,2.94,35,Product Group 35,DG-08,0.08,S-1
293,Product 293,40.01,50.49,65.49,159,0.2076,10.48,23,Product Group 23,DG-05,0.05,S-1
450,Product 450,46.11,53.49,64.49,153,0.138,7.38,36,Product Group 36,DG-07,0.07,S-1
279,Product 279,12.01,14.49,17.99,231,0.1712,2.48,11,Product Group 11,DG-02,0.02,S-1
712,Product 712,25.03,32.99,42.99,194,0.2413,7.96,47,Product Group 47,DG-09,0.09,S-1
631,Product 631,40.09,50.99,61.49,158,0.2138,10.9,31,Product Group 31,DG-02,0.02,S-1
468,Product 468,8.08,9.49,11.99,241,0.1486,1.41,7,Product Group 7,DG-01,0.01,S-1
873,Product 873,22.01,26.99,32.49,206,0.1845,4.98,5,Product Group 5,DG-08,0.08,S-1
589,Product 589,11.1,14.49,17.49,231,0.234,3.39,37,Product Group 37,DG-03,0.03,S-1
163,Product 163,27.08,32.49,36.99,195,0.1665,5.41,9,Product Group 9,DG-02,0.02,S-1
415,Product 415,47.08,59.99,67.49,140,0.2152,12.91,2,Product Group 2,DG-04,0.04,S-1
155,Product 155,24.09,28.49,35.49,203,0.1544,4.4,41,Product Group 41,DG-01,0.01,S-1
153,Product 153,49.11,59.99,73.99,140,0.1814,10.88,4,Product Group 4,DG-03,0.03,S-1
275,Product 275,7.08,9.99,12.99,240,0.2913,2.91,34,Product Group 34,DG-04,0.04,S-1
835,Product 835,31.05,36.49,41.99,187,0.1491,5.44,1,Product Group 1,DG-06,0.06,S-1
201,Product 201,45.05,55.49,65.49,149,0.1881,10.44,10,Product Group 10,DG-01,0.01,S-1
926,Product 926,10.13,13.49,17.99,233,0.2491,3.36,29,Product Group 29,DG-01,0.01,S-1
996,Product 996,37.07,42.49,53.49,175,0.1276,5.42,15,Product Group 15,DG-09,0.09,S-1
390,Product 390,43.02,52.99,58.49,154,0.1881,9.97,45,Product Group 45,DG-00,0.0,S-1
307,Product 307,44.03,52.49,61.49,155,0.1612,8.46,32,Product Group 32,DG-08,0.08,S-1
717,Product 717,18.01,22.49,25.99,215,0.1992,4.48,11,Product Group 11,DG-02,0.02,S-1
872,Product 872,26.08,31.49,36.49,197,0.1718,5.41,43,Product Group 43,DG-00,0.0,S-1
841,Product 841,15.11,18.99,22.49,222,0.2043,3.88,2,Product Group 2,DG-04,0.04,S-1
557,Product 557,37.13,47.49,57.99,165,0.2182,10.36,46,Product Group 46,DG-05,0.05,S-1
228,Product 228,40.09,49.49,58.99,161,0.1899,9.4,0,Product Group 0,DG-07,0.07,S-1
9,Product 9,7.09,8.49,10.99,243,0.1649,1.4,43,Product Group 43,DG-00,0.0,S-1
7,Product 7,28.06,31.99,39.49,196,0.1229,3.93,26,Product Group 26,DG-06,0.06,S-1
675,Product 675,8.03,10.99,13.99,238,0.2693,2.96,13,Product Group 13,DG-05,0.05,S-1
732,Product 732,44.08,49.99,63.49,160,0.1182,5.91,12,Product Group 12,DG-05,0.05,S-1
14,Product 14,39.11,44.49,57.49,171,0.1209,5.38,25,Product Group 25,DG-08,0.08,S-1
962,Product 962,42.1,54.49,69.99,151,0.2274,12.39,4,Product Group 4,DG-03,0.03,S-1
220,Product 220,22.08,25.49,31.49,209,0.1338,3.41,44,Product Group 44,DG-07,0.07,S-1
950,Product 950,20.11,23.49,27.99,213,0.1439,3.38,21,Product Group 21,DG-00,0.0,S-1
564,Product 564,32.05,37.49,43.49,185,0.1451,5.44,4,Product Group 4,DG-03,0.03,S-1
438,Product 438,47.06,57.49,67.49,145,0.1814,10.43,16,Product Group 16,DG-04,0.04,S-1
858,Product 858,43.05,56.49,68.49,147,0.2379,13.44,47,Product Group 47,DG-09,0.09,S-1
504,Product 504,21.07,27.99,36.49,204,0.2472,6.92,8,Product Group 8,DG-01,0.01,S-1
389,Product 389,11.07,13.99,17.49,232,0.2087,2.92,23,Product Group 23,DG-05,0.05,S-1
790,Product 790,30.04,38.49,45.49,183,0.2195,8.45,0,Product Group 0,DG-07,0.07,S-1
637,Product 637,17.07,19.49,22.99,221,0.1242,2.42,40,Product Group 40,DG-09,0.09,S-1
638,Product 638,18.02,22.49,27.99,215,0.1988,4.47,46,Product Group 46,DG-05,0.05,S-1
929,Product 929,44.06,49.49,63.99,161,0.1097,5.43,0,Product Group 0,DG-07,0.07,S-1
519,Product 519,21.05,27.49,34.49,205,0.2343,6.44,0,Product Group 0,DG-07,0.07,S-1
404,Product 404,47.01,55.49,63.49,149,0.1528,8.48,23,Product Group 23,DG-05,0.05,S-1
50,Product 50,16.01,18.99,24.49,222,0.1569,2.98,24,Product Group 24,DG-00,0.0,S-1
315,Product 315,47.09,56.99,70.99,146,0.1737,9.9,18,Product Group 18,DG-02,0.02,S-1
71,Product 71,48.0,53.49,59.99,153,0.1026,5.49,26,Product Group 26,DG-06,0.06,S-1
412,Product 412,27.04,31.49,40.49,197,0.1413,4.45,24,Product Group 24,DG-00,0.0,S-1
623,Product 623,21.0,25.49,32.49,209,0.1761,4.49,2,Product Group 2,DG-04,0.04,S-1
745,Product 745,30.09,37.49,46.49,185,0.1974,7.4,0,Product Group 0,DG-07,0.07,S-1
231,Product 231,24.02,27.49,35.99,205,0.1262,3.47,38,Product Group 38,DG-07,0.07,S-1
694,Product 694,21.11,23.99,31.99,212,0.1201,2.88,41,Product Group 41,DG-01,0.01,S-1
697,Product 697,46.06,54.49,63.49,151,0.1547,8.43,49,Product Group 49,DG-04,0.04,S-1
622,Product 622,17.03,21.99,26.99,216,0.2256,4.96,20,Product Group 20,DG-06,0.06,S-1
846,Product 846,37.11,44.49,52.99,171,0.1659,7.38,29,Product Group 29,DG-01,0.01,S-1
688,Product 688,36.1,45.49,50.49,169,0.2064,9.39,45,Product Group 45,DG-00,0.0,S-1
626,Product 626,31.04,37.49,44.49,185,0.172,6.45,27,Product Group 27,DG-09,0.09,S-1
234,Product 234,16.02,18.99,22.99,222,0.1564,2.97,12,Product Group 12,DG-05,0.05,S-1
766,Product 766,7.12,9.49,10.49,241,0.2497,2.37,36,Product Group 36,DG-07,0.07,S-1
764,Product 764,26.11,29.49,37.99,201,0.1146,3.38,18,Product Group 18,DG-02,0.02,S-1
947,Product 947,40.12,45.49,50.49,169,0.118,5.37,29,Product Group 29,DG-01,0.01,S-1
686,Product 686,49.03,61.49,77.99,137,0.2026,12.46,16,Product Group 16,DG-04,0.04,S-1
515,Product 515,28.0,35.49,45.99,189,0.211,7.49,0,Product Group 0,DG-07,0.07,S-1
756,Product 756,25.09,32.49,39.99,195,0.2278,7.4,23,Product Group 23,DG-05,0.05,S-1
844,Product 844,43.13,49.99,59.99,160,0.1372,6.86,26,Product Group 26,DG-06,0.06,S-1
328,Product 328,37.13,41.99,47.99,176,0.1157,4.86,35,Product Group 35,DG-08,0.08,S-1
36,Product 36,46.05,52.99,63.49,154,0.131,6.94,21,Product Group 21,DG-00,0.0,S-1
341,Product 341,12.06,15.49,20.49,229,0.2214,3.43,48,Product Group 48,DG-06,0.06,S-1
277,Product 277,26.07,30.49,34.99,199,0.145,4.42,44,Product Group 44,DG-07,0.07,S-1
570,Product 570,35.07,41.49,51.49,177,0.1547,6.42,34,Product Group 34,DG-04,0.04,S-1
113,Product 113,34.11,42.99,53.49,174,0.2066,8.88,0,Product Group 0,DG-07,0.07,S-1
801,Product 801,35.06,42.99,54.49,174,0.1845,7.93,14,Product Group 14,DG-03,0.03,S-1
146,Product 146,44.04,51.99,62.49,156,0.1529,7.95,33,Product Group 33,DG-04,0.04,S-1
117,Product 117,39.0,48.99,63.99,162,0.2039,9.99,7,Product Group 7,DG-01,0.01,S-1
317,Product 317,13.02,15.99,18.99,228,0.1857,2.97,22,Product Group 22,DG-03,0.03,S-1
924,Product 924,32.04,37.99,43.99,184,0.1566,5.95,12,Product Group 12,DG-05,0.05,S-1
11,Product 11,37.05,44.49,57.99,171,0.1672,7.44,8,Product Group 8,DG-01,0.01,S-1
859,Product 859,40.09,50.49,65.99,159,0.206,10.4,37,Product Group 37,DG-03,0.03,S-1
178,Product 178,41.02,48.99,60.99,162,0.1627,7.97,24,Product Group 24,DG-00,0.0,S-1
443,Product 443,22.07,25.99,29.99,208,0.1508,3.92,14,Product Group 14,DG-03,0.03,S-1
197,Product 197,22.01,25.49,30.49,209,0.1365,3.48,32,Product Group 32,DG-08,0.08,S-1
966,Product 966,17.13,19.99,22.99,220,0.1431,2.86,5,Product Group 5,DG-08,0.08,S-1
681,Product 681,20.09,26.49,30.49,207,0.2416,6.4,42,Product Group 42,DG-06,0.06,S-1
17,Product 17,14.06,18.99,21.99,222,0.2596,4.93,14,Product Group 14,DG-03,0.03,S-1
461,Product 461,11.02,13.49,17.99,233,0.1831,2.47,42,Product Group 42,DG-06,0.06,S-1
878,Product 878,26.07,31.99,41.99,196,0.1851,5.92,16,Product Group 16,DG-04,0.04,S-1
566,Product 566,29.01,35.49,40.49,189,0.1826,6.48,21,Product Group 21,DG-00,0.0,S-1
308,Product 308,30.03,38.99,45.49,182,0.2298,8.96,44,Product Group 44,DG-07,0.07,S-1
366,Product 366,13.08,16.49,20.99,227,0.2068,3.41,22,Product Group 22,DG-03,0.03,S-1
706,Product 706,17.05,19.99,22.99,220,0.1471,2.94,49,Product Group 49,DG-04,0.04,S-1
385,Product 385,30.06,37.99,48.99,184,0.2087,7.93,38,Product Group 38,DG-07,0.07,S-1
811,Product 811,29.0,35.99,44.99,188,0.1942,6.99,28,Product Group 28,DG-03,0.03,S-1
889,Product 889,41.12,51.49,63.99,157,0.2014,10.37,42,Product Group 42,DG-06,0.06,S-1
597,Product 597,13.04,15.99,20.49,228,0.1845,2.95,4,Product Group 4,DG-03,0.03,S-1
823,Product 823,32.07,36.49,47.99,187,0.1211,4.42,49,Product Group 49,DG-04,0.04,S-1
123,Product 123,32.02,39.99,46.49,180,0.1993,7.97,47,Product Group 47,DG-09,0.09,S-1
358,Product 358,17.03,21.49,26.49,217,0.2075,4.46,24,Product Group 24,DG-00,0.0,S-1
909,Product 909,21.13,26.99,30.49,206,0.2171,5.86,47,Product Group 47,DG-09,0.09,S-1
419,Product 419,6.1,7.49,9.99,245,0.1856,1.39,47,Product Group 47,DG-09,0.09,S-1
518,Product 518,35.03,45.49,56.49,169,0.2299,10.46,31,Product Group 31,DG-02,0.02,S-1
991,Product 991,17.08,21.99,27.49,216,0.2233,4.91,15,Product Group 15,DG-09,0.09,S-1
969,Product 969,36.02,46.99,52.49,166,0.2335,10.97,31,Product Group 31,DG-02,0.02,S-1
21,Product 21,17.12,20.99,25.49,218,0.1844,3.87,41,Product Group 41,DG-01,0.01,S-1
371,Product 371,20.02,26.99,31.99,206,0.2582,6.97,18,Product Group 18,DG-02,0.02,S-1
426,Product 426,16.1,20.49,26.99,219,0.2143,4.39,16,Product Group 16,DG-04,0.04,S-1
772,Product 772,8.06,9.49,11.99,241,0.1507,1.43,15,Product Group 15,DG-09,0.09,S-1
183,Product 183,31.02,37.49,47.99,185,0.1726,6.47,19,Product Group 19,DG-07,0.07,S-1
399,Product 399,33.04,42.49,49.49,175,0.2224,9.45,48,Product Group 48,DG-06,0.06,S-1
806,Product 806,23.13,28.49,34.49,203,0.1881,5.36,27,Product Group 27,DG-09,0.09,S-1
266,Product 266,9.06,11.99,14.49,236,0.2444,2.93,12,Product Group 12,DG-05,0.05,S-1
540,Product 540,38.01,49.99,61.49,160,0.2396,11.98,0,Product Group 0,DG-07,0.07,S-1
620,Product 620,34.13,44.99,51.99,170,0.2414,10.86,14,Product Group 14,DG-03,0.03,S-1
963,Product 963,7.02,8.49,10.49,243,0.1731,1.47,25,Product Group 25,DG-08,0.08,S-1
388,Product 388,38.03,49.49,60.49,161,0.2316,11.46,27,Product Group 27,DG-09,0.09,S-1
737,Product 737,8.03,9.49,12.99,241,0.1538,1.46,32,Product Group 32,DG-08,0.08,S-1
469,Product 469,28.11,36.49,41.49,187,0.2297,8.38,47,Product Group 47,DG-09,0.09,S-1
233,Product 233,42.02,52.99,66.99,154,0.207,10.97,48,Product Group 48,DG-06,0.06,S-1
409,Product 409,20.05,26.49,32.99,207,0.2431,6.44,5,Product Group 5,DG-08,0.08,S-1
198,Product 198,11.04,14.99,18.99,230,0.2635,3.95,2,Product Group 2,DG-04,0.04,S-1
110,Product 110,13.09,15.49,18.99,229,0.1549,2.4,31,Product Group 31,DG-02,0.02,S-1
977,Product 977,30.04,35.49,40.99,189,0.1536,5.45,38,Product Group 38,DG-07,0.07,S-1
783,Product 783,47.06,57.99,65.49,144,0.1885,10.93,11,Product Group 11,DG-02,0.02,S-1
796,Product 796,11.02,13.49,16.49,233,0.1831,2.47,49,Product Group 49,DG-04,0.04,S-1
431,Product 431,43.07,48.99,58.99,162,0.1208,5.92,12,Product Group 12,DG-05,0.05,S-1
379,Product 379,8.07,10.49,12.99,239,0.2307,2.42,8,Product Group 8,DG-01,0.01,S-1
854,Product 854,20.01,22.99,27.49,214,0.1296,2.98,27,Product Group 27,DG-09,0.09,S-1
165,Product 165,35.05,45.99,58.99,168,0.2379,10.94,11,Product Group 11,DG-02,0.02,S-1
964,Product 964,29.06,36.49,42.99,187,0.2036,7.43,15,Product Group 15,DG-09,0.09,S-1
993,Product 993,24.09,26.49,34.99,207,0.0906,2.4,28,Product Group 28,DG-03,0.03,S-1
722,Product 722,23.03,26.49,34.99,207,0.1306,3.46,42,Product Group 42,DG-06,0.06,S-1
809,Product 809,42.05,54.49,64.49,151,0.2283,12.44,36,Product Group 36,DG-07,0.07,S-1
592,Product 592,26.07,33.99,44.49,192,0.233,7.92,38,Product Group 38,DG-07,0.07,S-1
874,Product 874,19.1,24.49,30.99,211,0.2201,5.39,27,Product Group 27,DG-09,0.09,S-1
236,Product 236,10.07,11.49,13.49,237,0.1236,1.42,18,Product Group 18,DG-02,0.02,S-1
585,Product 585,48.12,57.49,70.49,145,0.163,9.37,47,Product Group 47,DG-09,0.09,S-1
860,Product 860,46.03,57.99,66.49,144,0.2062,11.96,37,Product Group 37,DG-03,0.03,S-1
992,Product 992,49.12,60.99,70.49,138,0.1946,11.87,45,Product Group 45,DG-00,0.0,S-1
206,Product 206,15.05,17.49,21.49,225,0.1395,2.44,6,Product Group 6,DG-00,0.0,S-1
774,Product 774,23.03,25.49,30.99,209,0.0965,2.46,38,Product Group 38,DG-07,0.07,S-1
267,Product 267,47.01,54.99,69.49,150,0.1451,7.98,25,Product Group 25,DG-08,0.08,S-1
53,Product 53,36.03,45.99,53.99,168,0.2166,9.96,41,Product Group 41,DG-01,0.01,S-1
719,Product 719,24.13,27.99,34.99,204,0.1379,3.86,0,Product Group 0,DG-07,0.07,S-1
274,Product 274,10.08,13.49,15.99,233,0.2528,3.41,3,Product Group 3,DG-08,0.08,S-1
290,Product 290,40.07,48.49,61.49,163,0.1736,8.42,19,Product Group 19,DG-07,0.07,S-1
747,Product 747,26.1,34.99,43.99,190,0.2541,8.89,29,Product Group 29,DG-01,0.01,S-1
325,Product 325,5.01,6.49,8.49,247,0.228,1.48,27,Product Group 27,DG-09,0.09,S-1
304,Product 304,5.08,6.49,7.99,247,0.2173,1.41,21,Product Group 21,DG-00,0.0,S-1
367,Product 367,41.01,52.49,60.49,155,0.2187,11.48,47,Product Group 47,DG-09,0.09,S-1
601,Product 601,46.02,57.99,67.99,144,0.2064,11.97,28,Product Group 28,DG-03,0.03,S-1
948,Product 948,20.1,24.99,30.49,210,0.1957,4.89,8,Product Group 8,DG-01,0.01,S-1
751,Product 751,13.08,17.99,22.49,224,0.2729,4.91,19,Product Group 19,DG-07,0.07,S-1
455,Product 455,27.07,32.49,42.49,195,0.1668,5.42,13,Product Group 13,DG-05,0.05,S-1
481,Product 481,24.05,27.49,35.49,205,0.1251,3.44,27,Product Group 27,DG-09,0.09,S-1
855,Product 855,22.07,27.99,35.99,204,0.2115,5.92,27,Product Group 27,DG-09,0.09,S-1
413,Product 413,31.06,37.49,45.99,185,0.1715,6.43,15,Product Group 15,DG-09,0.09,S-1
612,Product 612,42.11,48.49,58.49,163,0.1316,6.38,49,Product Group 49,DG-04,0.04,S-1
89,Product 89,21.11,25.49,31.99,209,0.1718,4.38,2,Product Group 2,DG-04,0.04,S-1
213,Product 213,15.12,17.99,23.49,224,0.1595,2.87,32,Product Group 32,DG-08,0.08,S-1
245,Product 245,40.01,46.99,55.99,166,0.1485,6.98,18,Product Group 18,DG-02,0.02,S-1
602,Product 602,44.08,51.99,60.99,156,0.1521,7.91,12,Product Group 12,DG-05,0.05,S-1
870,Product 870,30.09,34.99,42.99,190,0.14,4.9,10,Product Group 10,DG-01,0.01,S-1
251,Product 251,35.02,44.99,57.49,170,0.2216,9.97,35,Product Group 35,DG-08,0.08,S-1
574,Product 574,39.08,49.99,56.99,160,0.2182,10.91,19,Product Group 19,DG-07,0.07,S-1
369,Product 369,16.12,18.49,20.49,223,0.1282,2.37,33,Product Group 33,DG-04,0.04,S-1
813,Product 813,29.07,33.99,44.99,192,0.1447,4.92,27,Product Group 27,DG-09,0.09,S-1
381,Product 381,15.11,18.49,21.99,223,0.1828,3.38,13,Product Group 13,DG-05,0.05,S-1
171,Product 171,42.02,53.49,65.49,153,0.2144,11.47,11,Product Group 11,DG-02,0.02,S-1
685,Product 685,49.12,55.49,62.49,149,0.1148,6.37,20,Product Group 20,DG-06,0.06,S-1
735,Product 735,24.04,27.99,34.99,204,0.1411,3.95,35,Product Group 35,DG-08,0.08,S-1
161,Product 161,8.1,9.99,12.99,240,0.1892,1.89,13,Product Group 13,DG-05,0.05,S-1
216,Product 216,19.12,25.99,34.49,208,0.2643,6.87,5,Product Group 5,DG-08,0.08,S-1
64,Product 64,41.04,47.99,60.49,164,0.1448,6.95,41,Product Group 41,DG-01,0.01,S-1
699,Product 699,14.12,17.49,21.99,225,0.1927,3.37,9,Product Group 9,DG-02,0.02,S-1
313,Product 313,43.1,53.99,61.99,152,0.2017,10.89,28,Product Group 28,DG-03,0.03,S-1
497,Product 497,5.1,6.49,8.49,247,0.2142,1.39,20,Product Group 20,DG-06,0.06,S-1
320,Product 320,31.06,35.49,42.49,189,0.1248,4.43,23,Product Group 23,DG-05,0.05,S-1
55,Product 55,35.09,40.99,48.49,178,0.1439,5.9,23,Product Group 23,DG-05,0.05,S-1
351,Product 351,20.12,25.99,30.49,208,0.2259,5.87,41,Product Group 41,DG-01,0.01,S-1
647,Product 647,29.08,36.99,46.99,186,0.2138,7.91,16,Product Group 16,DG-04,0.04,S-1
853,Product 853,36.12,45.49,56.49,169,0.206,9.37,42,Product Group 42,DG-06,0.06,S-1
164,Product 164,9.13,11.49,14.99,237,0.2054,2.36,27,Product Group 27,DG-09,0.09,S-1
85,Product 85,31.1,39.99,45.99,180,0.2223,8.89,11,Product Group 11,DG-02,0.02,S-1
321,Product 321,38.07,49.49,64.99,161,0.2308,11.42,18,Product Group 18,DG-02,0.02,S-1
985,Product 985,22.02,26.99,30.99,206,0.1841,4.97,20,Product Group 20,DG-06,0.06,S-1
619,Product 619,39.07,45.49,54.49,169,0.1411,6.42,1,Product Group 1,DG-06,0.06,S-1
645,Product 645,45.03,58.99,73.49,142,0.2367,13.96,34,Product Group 34,DG-04,0.04,S-1
539,Product 539,47.06,55.99,67.99,148,0.1595,8.93,13,Product Group 13,DG-05,0.05,S-1
543,Product 543,28.07,32.99,38.99,194,0.1491,4.92,42,Product Group 42,DG-06,0.06,S-1
491,Product 491,16.01,19.99,22.99,220,0.1991,3.98,32,Product Group 32,DG-08,0.08,S-1
814,Product 814,19.08,22.49,26.49,215,0.1516,3.41,9,Product Group 9,DG-02,0.02,S-1
611,Product 611,17.05,21.49,25.49,217,0.2066,4.44,18,Product Group 18,DG-02,0.02,S-1
895,Product 895,47.05,58.99,68.99,142,0.2024,11.94,26,Product Group 26,DG-06,0.06,S-1
494,Product 494,47.1,55.49,70.49,149,0.1512,8.39,15,Product Group 15,DG-09,0.09,S-1
773,Product 773,20.05,25.49,30.49,209,0.2134,5.44,33,Product Group 33,DG-04,0.04,S-1
335,Product 335,8.13,9.99,12.99,240,0.1862,1.86,24,Product Group 24,DG-00,0.0,S-1
723,Product 723,10.07,12.49,15.49,235,0.1938,2.42,37,Product Group 37,DG-03,0.03,S-1
193,Product 193,29.03,35.99,40.99,188,0.1934,6.96,3,Product Group 3,DG-08,0.08,S-1
51,Product 51,25.02,30.99,39.99,198,0.1926,5.97,39,Product Group 39,DG-05,0.05,S-1
83,Product 83,13.12,16.99,19.49,226,0.2278,3.87,28,Product Group 28,DG-03,0.03,S-1
538,Product 538,48.02,54.49,64.49,151,0.1187,6.47,41,Product Group 41,DG-01,0.01,S-1
669,Product 669,24.07,30.49,37.99,199,0.2106,6.42,26,Product Group 26,DG-06,0.06,S-1
707,Product 707,41.09,48.49,59.99,163,0.1526,7.4,15,Product Group 15,DG-09,0.09,S-1
653,Product 653,7.01,8.99,11.49,242,0.2202,1.98,19,Product Group 19,DG-07,0.07,S-1
879,Product 879,11.11,14.99,19.99,230,0.2588,3.88,32,Product Group 32,DG-08,0.08,S-1
416,Product 416,6.11,7.99,10.49,244,0.2353,1.88,41,Product Group 41,DG-01,0.01,S-1
684,Product 684,14.01,17.99,23.99,224,0.2212,3.98,39,Product Group 39,DG-05,0.05,S-1
937,Product 937,19.04,22.99,30.99,214,0.1718,3.95,49,Product Group 49,DG-04,0.04,S-1
901,Product 901,33.0,40.49,49.49,179,0.185,7.49,32,Product Group 32,DG-08,0.08,S-1
821,Product 821,16.1,20.49,25.99,219,0.2143,4.39,37,Product Group 37,DG-03,0.03,S-1
406,Product 406,27.02,33.49,39.49,193,0.1932,6.47,35,Product Group 35,DG-08,0.08,S-1
709,Product 709,33.1,39.49,47.99,181,0.1618,6.39,28,Product Group 28,DG-03,0.03,S-1
716,Product 716,26.03,33.49,43.49,193,0.2228,7.46,4,Product Group 4,DG-03,0.03,S-1
876,Product 876,33.12,40.99,49.49,178,0.192,7.87,15,Product Group 15,DG-09,0.09,S-1
377,Product 377,24.09,31.49,37.99,197,0.235,7.4,38,Product Group 38,DG-07,0.07,S-1
830,Product 830,29.05,33.99,38.99,192,0.1453,4.94,26,Product Group 26,DG-06,0.06,S-1
967,Product 967,47.12,59.99,71.99,140,0.2145,12.87,41,Product Group 41,DG-01,0.01,S-1
122,Product 122,39.06,50.99,60.49,158,0.234,11.93,48,Product Group 48,DG-06,0.06,S-1
883,Product 883,23.11,29.99,37.49,200,0.2294,6.88,30,Product Group 30,DG-02,0.02,S-1
272,Product 272,35.09,45.99,58.99,168,0.237,10.9,40,Product Group 40,DG-09,0.09,S-1
393,Product 393,44.06,54.99,70.99,150,0.1988,10.93,49,Product Group 49,DG-04,0.04,S-1
264,Product 264,23.0,26.99,33.99,206,0.1478,3.99,22,Product Group 22,DG-03,0.03,S-1
932,Product 932,13.03,16.49,19.49,227,0.2098,3.46,11,Product Group 11,DG-02,0.02,S-1
23,Product 23,23.1,27.99,33.49,204,0.1747,4.89,23,Product Group 23,DG-05,0.05,S-1
891,Product 891,20.13,26.99,33.99,206,0.2542,6.86,44,Product Group 44,DG-07,0.07,S-1
422,Product 422,49.06,62.49,74.49,135,0.2149,13.43,9,Product Group 9,DG-02,0.02,S-1
132,Product 132,10.11,12.99,16.99,234,0.2217,2.88,26,Product Group 26,DG-06,0.06,S-1
795,Product 795,19.11,25.99,30.99,208,0.2647,6.88,1,Product Group 1,DG-06,0.06,S-1
676,Product 676,39.01,48.99,57.99,162,0.2037,9.98,28,Product Group 28,DG-03,0.03,S-1
502,Product 502,46.05,55.49,68.49,149,0.1701,9.44,11,Product Group 11,DG-02,0.02,S-1
596,Product 596,26.0,33.99,40.99,192,0.2351,7.99,5,Product Group 5,DG-08,0.08,S-1
799,Product 799,8.12,9.49,12.99,241,0.1444,1.37,13,Product Group 13,DG-05,0.05,S-1
444,Product 444,28.02,33.99,40.99,192,0.1756,5.97,18,Product Group 18,DG-02,0.02,S-1
696,Product 696,36.02,44.49,50.99,171,0.1904,8.47,42,Product Group 42,DG-06,0.06,S-1
608,Product 608,23.04,26.99,30.99,206,0.1464,3.95,24,Product Group 24,DG-00,0.0,S-1
6,Product 6,46.11,58.99,76.99,142,0.2183,12.88,38,Product Group 38,DG-07,0.07,S-1
92,Product 92,33.08,40.99,53.49,178,0.193,7.91,26,Product Group 26,DG-06,0.06,S-1
384,Product 384,10.03,13.99,16.49,232,0.2831,3.96,48,Product Group 48,DG-06,0.06,S-1
965,Product 965,45.12,57.49,70.99,145,0.2152,12.37,16,Product Group 16,DG-04,0.04,S-1
632,Product 632,47.11,57.49,74.99,145,0.1806,10.38,27,Product Group 27,DG-09,0.09,S-1
73,Product 73,15.08,18.99,21.49,222,0.2059,3.91,20,Product Group 20,DG-06,0.06,S-1
339,Product 339,23.1,29.49,38.49,201,0.2167,6.39,12,Product Group 12,DG-05,0.05,S-1
512,Product 512,38.1,45.49,52.49,169,0.1625,7.39,6,Product Group 6,DG-00,0.0,S-1
875,Product 875,14.12,16.49,19.49,227,0.1437,2.37,19,Product Group 19,DG-07,0.07,S-1
662,Product 662,18.03,22.49,27.49,215,0.1983,4.46,37,Product Group 37,DG-03,0.03,S-1
25,Product 25,15.04,19.49,22.99,221,0.2283,4.45,32,Product Group 32,DG-08,0.08,S-1
221,Product 221,45.1,57.49,70.49,145,0.2155,12.39,26,Product Group 26,DG-06,0.06,S-1
500,Product 500,36.04,46.99,56.99,166,0.233,10.95,49,Product Group 49,DG-04,0.04,S-1
771,Product 771,24.0,30.49,37.49,199,0.2129,6.49,11,Product Group 11,DG-02,0.02,S-1
931,Product 931,37.07,44.49,57.99,171,0.1668,7.42,48,Product Group 48,DG-06,0.06,S-1
322,Product 322,23.02,29.49,35.49,201,0.2194,6.47,1,Product Group 1,DG-06,0.06,S-1
949,Product 949,28.07,36.49,42.49,187,0.2307,8.42,17,Product Group 17,DG-09,0.09,S-1
511,Product 511,28.08,33.49,40.49,193,0.1615,5.41,42,Product Group 42,DG-06,0.06,S-1
725,Product 725,40.08,46.49,51.99,167,0.1379,6.41,28,Product Group 28,DG-03,0.03,S-1
330,Product 330,13.1,15.49,20.99,229,0.1543,2.39,40,Product Group 40,DG-09,0.09,S-1
700,Product 700,37.12,44.99,52.49,170,0.1749,7.87,6,Product Group 6,DG-00,0.0,S-1
837,Product 837,18.11,23.99,29.99,212,0.2451,5.88,32,Product Group 32,DG-08,0.08,S-1
740,Product 740,47.02,55.49,66.49,149,0.1526,8.47,37,Product Group 37,DG-03,0.03,S-1
576,Product 576,22.1,25.49,32.99,209,0.133,3.39,22,Product Group 22,DG-03,0.03,S-1
303,Product 303,24.01,29.99,36.49,200,0.1994,5.98,49,Product Group 49,DG-04,0.04,S-1
664,Product 664,21.03,26.99,30.49,206,0.2208,5.96,16,Product Group 16,DG-04,0.04,S-1
205,Product 205,19.0,23.49,29.49,213,0.1911,4.49,8,Product Group 8,DG-01,0.01,S-1
296,Product 296,8.12,10.49,12.49,239,0.2259,2.37,24,Product Group 24,DG-00,0.0,S-1
82,Product 82,23.08,27.49,30.99,205,0.1604,4.41,24,Product Group 24,DG-00,0.0,S-1
214,Product 214,26.06,31.99,37.49,196,0.1854,5.93,39,Product Group 39,DG-05,0.05,S-1
344,Product 344,45.06,53.99,67.49,152,0.1654,8.93,41,Product Group 41,DG-01,0.01,S-1
119,Product 119,18.07,20.99,27.49,218,0.1391,2.92,5,Product Group 5,DG-08,0.08,S-1
323,Product 323,28.01,35.99,45.49,188,0.2217,7.98,8,Product Group 8,DG-01,0.01,S-1
134,Product 134,37.03,45.99,58.49,168,0.1948,8.96,13,Product Group 13,DG-05,0.05,S-1
503,Product 503,21.01,24.49,31.49,211,0.1421,3.48,49,Product Group 49,DG-04,0.04,S-1
820,Product 820,8.06,10.49,13.99,239,0.2316,2.43,33,Product Group 33,DG-04,0.04,S-1
425,Product 425,6.1,8.99,10.99,242,0.3215,2.89,32,Product Group 32,DG-08,0.08,S-1
212,Product 212,22.12,28.99,37.99,202,0.237,6.87,23,Product Group 23,DG-05,0.05,S-1
807,Product 807,34.1,43.99,56.49,172,0.2248,9.89,18,Product Group 18,DG-02,0.02,S-1
91,Product 91,32.09,40.99,49.49,178,0.2171,8.9,35,Product Group 35,DG-08,0.08,S-1
536,Product 536,17.04,20.49,24.99,219,0.1684,3.45,15,Product Group 15,DG-09,0.09,S-1
292,Product 292,48.05,62.99,69.99,134,0.2372,14.94,49,Product Group 49,DG-04,0.04,S-1
666,Product 666,42.07,47.99,57.99,164,0.1234,5.92,6,Product Group 6,DG-00,0.0,S-1
361,Product 361,30.09,36.49,45.99,187,0.1754,6.4,20,Product Group 20,DG-06,0.06,S-1
224,Product 224,26.1,30.49,38.99,199,0.144,4.39,3,Product Group 3,DG-08,0.08,S-1
869,Product 869,36.11,41.99,52.49,176,0.14,5.88,2,Product Group 2,DG-04,0.04,S-1
52,Product 52,40.03,44.99,49.49,170,0.1102,4.96,14,Product Group 14,DG-03,0.03,S-1
207,Product 207,34.09,41.99,50.99,176,0.1881,7.9,30,Product Group 30,DG-02,0.02,S-1
940,Product 940,19.07,25.99,29.49,208,0.2663,6.92,44,Product Group 44,DG-07,0.07,S-1
507,Product 507,19.08,24.99,31.99,210,0.2365,5.91,8,Product Group 8,DG-01,0.01,S-1
843,Product 843,28.04,36.99,47.49,186,0.242,8.95,41,Product Group 41,DG-01,0.01,S-1
40,Product 40,48.06,53.99,64.49,152,0.1098,5.93,47,Product Group 47,DG-09,0.09,S-1
167,Product 167,9.01,11.99,15.99,236,0.2485,2.98,9,Product Group 9,DG-02,0.02,S-1
718,Product 718,33.12,37.99,48.49,184,0.1282,4.87,8,Product Group 8,DG-01,0.01,S-1
114,Product 114,41.04,52.99,61.99,154,0.2255,11.95,1,Product Group 1,DG-06,0.06,S-1
337,Product 337,6.12,7.99,9.99,244,0.234,1.87,33,Product Group 33,DG-04,0.04,S-1
857,Product 857,37.02,44.49,49.99,171,0.1679,7.47,43,Product Group 43,DG-00,0.0,S-1
239,Product 239,22.09,27.49,34.49,205,0.1964,5.4,29,Product Group 29,DG-01,0.01,S-1
531,Product 531,30.02,37.49,43.49,185,0.1993,7.47,35,Product Group 35,DG-08,0.08,S-1
66,Product 66,27.12,35.99,44.49,188,0.2465,8.87,35,Product Group 35,DG-08,0.08,S-1
845,Product 845,40.08,46.49,59.49,167,0.1379,6.41,9,Product Group 9,DG-02,0.02,S-1
912,Product 912,6.11,7.49,9.99,245,0.1842,1.38,20,Product Group 20,DG-06,0.06,S-1
93,Product 93,8.1,10.49,12.49,239,0.2278,2.39,39,Product Group 39,DG-05,0.05,S-1
47,Product 47,36.04,41.99,52.49,176,0.1417,5.95,22,Product Group 22,DG-03,0.03,S-1
185,Product 185,39.01,49.99,62.49,160,0.2196,10.98,20,Product Group 20,DG-06,0.06,S-1
286,Product 286,23.1,25.49,32.99,209,0.0938,2.39,39,Product Group 39,DG-05,0.05,S-1
804,Product 804,28.08,33.99,40.49,192,0.1739,5.91,45,Product Group 45,DG-00,0.0,S-1
505,Product 505,7.12,9.49,11.99,241,0.2497,2.37,1,Product Group 1,DG-06,0.06,S-1
395,Product 395,22.02,26.99,31.49,206,0.1841,4.97,29,Product Group 29,DG-01,0.01,S-1
288,Product 288,6.06,8.49,10.49,243,0.2862,2.43,15,Product Group 15,DG-09,0.09,S-1
678,Product 678,5.11,6.49,8.99,247,0.2126,1.38,46,Product Group 46,DG-05,0.05,S-1
87,Product 87,31.07,39.49,46.49,181,0.2132,8.42,6,Product Group 6,DG-00,0.0,S-1
973,Product 973,39.11,49.49,62.99,161,0.2097,10.38,49,Product Group 49,DG-04,0.04,S-1
953,Product 953,39.13,46.49,59.99,167,0.1583,7.36,40,Product Group 40,DG-09,0.09,S-1
147,Product 147,43.08,47.99,57.99,164,0.1023,4.91,24,Product Group 24,DG-00,0.0,S-1
590,Product 590,28.11,34.49,42.99,191,0.185,6.38,46,Product Group 46,DG-05,0.05,S-1
490,Product 490,16.03,18.99,22.49,222,0.1559,2.96,15,Product Group 15,DG-09,0.09,S-1
2,Product 2,35.1,39.99,44.49,180,0.1223,4.89,11,Product Group 11,DG-02,0.02,S-1
312,Product 312,13.08,15.49,18.99,229,0.1556,2.41,21,Product Group 21,DG-00,0.0,S-1
885,Product 885,6.12,7.49,9.49,245,0.1829,1.37,11,Product Group 11,DG-02,0.02,S-1
479,Product 479,31.11,37.49,47.99,185,0.1702,6.38,17,Product Group 17,DG-09,0.09,S-1
154,Product 154,38.1,49.99,57.99,160,0.2378,11.89,18,Product Group 18,DG-02,0.02,S-1
881,Product 881,32.02,36.99,46.99,186,0.1344,4.97,47,Product Group 47,DG-09,0.09,S-1
856,Product 856,48.04,53.99,67.99,152,0.1102,5.95,31,Product Group 31,DG-02,0.02,S-1
921,Product 921,25.08,30.49,36.49,199,0.1774,5.41,32,Product Group 32,DG-08,0.08,S-1
430,Product 430,17.04,20.49,26.49,219,0.1684,3.45,34,Product Group 34,DG-04,0.04,S-1
435,Product 435,5.03,6.49,8.49,247,0.225,1.46,32,Product Group 32,DG-08,0.08,S-1
702,Product 702,17.02,19.49,23.49,221,0.1267,2.47,13,Product Group 13,DG-05,0.05,S-1
671,Product 671,32.02,41.99,46.49,176,0.2374,9.97,24,Product Group 24,DG-00,0.0,S-1
97,Product 97,19.1,23.99,30.49,212,0.2038,4.89,11,Product Group 11,DG-02,0.02,S-1
191,Product 191,35.08,40.99,46.99,178,0.1442,5.91,47,Product Group 47,DG-09,0.09,S-1
81,Product 81,31.09,36.49,45.99,187,0.148,5.4,19,Product Group 19,DG-07,0.07,S-1
150,Product 150,6.11,7.49,8.49,245,0.1842,1.38,7,Product Group 7,DG-01,0.01,S-1
310,Product 310,15.11,19.99,24.49,220,0.2441,4.88,4,Product Group 4,DG-03,0.03,S-1
18,Product 18,15.01,19.49,21.99,221,0.2299,4.48,23,Product Group 23,DG-05,0.05,S-1
840,Product 840,46.08,53.49,63.99,153,0.1385,7.41,36,Product Group 36,DG-07,0.07,S-1
635,Product 635,33.11,39.99,50.49,180,0.172,6.88,4,Product Group 4,DG-03,0.03,S-1
217,Product 217,10.12,12.49,14.49,235,0.1898,2.37,33,Product Group 33,DG-04,0.04,S-1
819,Product 819,18.12,23.49,29.49,213,0.2286,5.37,4,Product Group 4,DG-03,0.03,S-1
457,Product 457,16.09,20.49,26.99,219,0.2147,4.4,29,Product Group 29,DG-01,0.01,S-1
791,Product 791,37.13,48.49,63.49,163,0.2343,11.36,28,Product Group 28,DG-03,0.03,S-1
997,Product 997,18.05,21.49,26.99,217,0.1601,3.44,44,Product Group 44,DG-07,0.07,S-1
203,Product 203,11.12,12.49,16.99,235,0.1097,1.37,44,Product Group 44,DG-07,0.07,S-1
535,Product 535,16.01,18.49,22.49,223,0.1341,2.48,32,Product Group 32,DG-08,0.08,S-1
744,Product 744,49.07,55.49,65.49,149,0.1157,6.42,0,Product Group 0,DG-07,0.07,S-1
871,Product 871,37.1,43.99,51.49,172,0.1566,6.89,22,Product Group 22,DG-03,0.03,S-1
449,Product 449,24.01,30.99,40.99,198,0.2252,6.98,7,Product Group 7,DG-01,0.01,S-1
667,Product 667,42.08,47.99,53.99,164,0.1232,5.91,47,Product Group 47,DG-09,0.09,S-1
665,Product 665,46.06,58.99,73.49,142,0.2192,12.93,49,Product Group 49,DG-04,0.04,S-1
833,Product 833,29.04,36.49,40.99,187,0.2042,7.45,0,Product Group 0,DG-07,0.07,S-1
309,Product 309,15.02,18.49,23.99,223,0.1877,3.47,38,Product Group 38,DG-07,0.07,S-1
958,Product 958,11.07,14.99,18.49,230,0.2615,3.92,27,Product Group 27,DG-09,0.09,S-1
88,Product 88,27.08,32.99,38.49,194,0.1791,5.91,41,Product Group 41,DG-01,0.01,S-1
641,Product 641,22.08,25.99,32.49,208,0.1504,3.91,38,Product Group 38,DG-07,0.07,S-1
386,Product 386,31.0,35.49,43.99,189,0.1265,4.49,6,Product Group 6,DG-00,0.0,S-1
326,Product 326,46.07,52.99,68.49,154,0.1306,6.92,7,Product Group 7,DG-01,0.01,S-1
187,Product 187,19.04,22.49,25.99,215,0.1534,3.45,31,Product Group 31,DG-02,0.02,S-1
63,Product 63,44.04,50.49,56.99,159,0.1277,6.45,27,Product Group 27,DG-09,0.09,S-1
561,Product 561,48.09,61.99,70.99,136,0.2242,13.9,23,Product Group 23,DG-05,0.05,S-1
174,Product 174,23.07,29.49,38.99,201,0.2177,6.42,31,Product Group 31,DG-02,0.02,S-1
157,Product 157,20.13,25.49,28.49,209,0.2103,5.36,9,Product Group 9,DG-02,0.02,S-1
746,Product 746,25.1,29.49,32.99,201,0.1489,4.39,9,Product Group 9,DG-02,0.02,S-1
680,Product 680,27.0,32.99,36.99,194,0.1816,5.99,31,Product Group 31,DG-02,0.02,S-1
179,Product 179,30.12,36.99,44.99,186,0.1857,6.87,43,Product Group 43,DG-00,0.0,S-1
95,Product 95,48.12,56.49,66.49,147,0.1482,8.37,11,Product Group 11,DG-02,0.02,S-1
971,Product 971,43.02,53.49,69.49,153,0.1957,10.47,33,Product Group 33,DG-04,0.04,S-1
698,Product 698,29.12,32.49,36.99,195,0.1037,3.37,9,Product Group 9,DG-02,0.02,S-1
499,Product 499,38.02,43.49,54.99,173,0.1258,5.47,45,Product Group 45,DG-00,0.0,S-1
998,Product 998,32.09,37.49,45.99,185,0.144,5.4,19,Product Group 19,DG-07,0.07,S-1
562,Product 562,5.03,6.99,9.49,246,0.2804,1.96,6,Product Group 6,DG-00,0.0,S-1
54,Product 54,41.11,49.99,58.49,160,0.1776,8.88,12,Product Group 12,DG-05,0.05,S-1
919,Product 919,11.09,14.49,17.99,231,0.2346,3.4,25,Product Group 25,DG-08,0.08,S-1
910,Product 910,17.09,21.49,26.99,217,0.2047,4.4,17,Product Group 17,DG-09,0.09,S-1
405,Product 405,25.08,30.99,39.99,198,0.1907,5.91,33,Product Group 33,DG-04,0.04,S-1
729,Product 729,8.11,10.49,12.49,239,0.2269,2.38,3,Product Group 3,DG-08,0.08,S-1
365,Product 365,43.11,51.99,60.49,156,0.1708,8.88,16,Product Group 16,DG-04,0.04,S-1
440,Product 440,40.0,49.49,62.49,161,0.1918,9.49,28,Product Group 28,DG-03,0.03,S-1
38,Product 38,15.12,17.99,21.49,224,0.1595,2.87,26,Product Group 26,DG-06,0.06,S-1
633,Product 633,10.13,12.49,14.99,235,0.189,2.36,9,Product Group 9,DG-02,0.02,S-1
357,Product 357,18.01,21.49,26.49,217,0.1619,3.48,39,Product Group 39,DG-05,0.05,S-1
765,Product 765,35.08,40.99,49.99,178,0.1442,5.91,16,Product Group 16,DG-04,0.04,S-1
168,Product 168,11.13,13.49,16.49,233,0.1749,2.36,24,Product Group 24,DG-00,0.0,S-1
995,Product 995,27.13,31.49,36.99,197,0.1385,4.36,33,Product Group 33,DG-04,0.04,S-1
886,Product 886,40.13,45.49,54.49,169,0.1178,5.36,12,Product Group 12,DG-05,0.05,S-1
184,Product 184,33.11,38.99,45.49,182,0.1508,5.88,18,Product Group 18,DG-02,0.02,S-1
917,Product 917,32.02,41.49,49.49,177,0.2282,9.47,37,Product Group 37,DG-03,0.03,S-1
69,Product 69,34.01,39.99,51.99,180,0.1495,5.98,35,Product Group 35,DG-08,0.08,S-1
420,Product 420,16.13,18.99,22.99,222,0.1506,2.86,3,Product Group 3,DG-08,0.08,S-1
280,Product 280,13.07,15.99,19.99,228,0.1826,2.92,20,Product Group 20,DG-06,0.06,S-1
402,Product 402,15.08,19.99,25.49,220,0.2456,4.91,49,Product Group 49,DG-04,0.04,S-1
605,Product 605,43.04,54.99,63.49,150,0.2173,11.95,39,Product Group 39,DG-05,0.05,S-1
340,Product 340,23.03,29.49,35.99,201,0.2191,6.46,28,Product Group 28,DG-03,0.03,S-1
616,Product 616,43.08,52.49,67.99,155,0.1793,9.41,15,Product Group 15,DG-09,0.09,S-1
825,Product 825,43.04,55.49,68.99,149,0.2244,12.45,5,Product Group 5,DG-08,0.08,S-1
289,Product 289,26.06,29.49,36.49,201,0.1163,3.43,21,Product Group 21,DG-00,0.0,S-1
852,Product 852,13.0,17.49,22.99,225,0.2567,4.49,6,Product Group 6,DG-00,0.0,S-1
35,Product 35,11.11,13.99,17.49,232,0.2059,2.88,12,Product Group 12,DG-05,0.05,S-1
446,Product 446,45.07,56.49,73.49,147,0.2022,11.42,34,Product Group 34,DG-04,0.04,S-1
156,Product 156,19.1,24.99,29.49,210,0.2357,5.89,14,Product Group 14,DG-03,0.03,S-1
116,Product 116,23.06,29.99,37.99,200,0.2311,6.93,34,Product Group 34,DG-04,0.04,S-1
736,Product 736,33.12,39.99,48.49,180,0.1718,6.87,8,Product Group 8,DG-01,0.01,S-1
269,Product 269,10.1,12.49,15.49,235,0.1914,2.39,1,Product Group 1,DG-06,0.06,S-1
70,Product 70,7.03,8.99,12.49,242,0.218,1.96,21,Product Group 21,DG-00,0.0,S-1
32,Product 32,17.09,22.99,29.49,214,0.2566,5.9,48,Product Group 48,DG-06,0.06,S-1
938,Product 938,7.07,8.49,11.49,243,0.1673,1.42,24,Product Group 24,DG-00,0.0,S-1
513,Product 513,33.1,40.99,52.99,178,0.1925,7.89,37,Product Group 37,DG-03,0.03,S-1
983,Product 983,29.05,37.99,48.49,184,0.2353,8.94,25,Product Group 25,DG-08,0.08,S-1
311,Product 311,20.05,26.99,31.49,206,0.2571,6.94,16,Product Group 16,DG-04,0.04,S-1
520,Product 520,49.01,62.49,79.49,135,0.2157,13.48,32,Product Group 32,DG-08,0.08,S-1
350,Product 350,21.02,26.99,33.49,206,0.2212,5.97,48,Product Group 48,DG-06,0.06,S-1
956,Product 956,17.07,20.49,24.49,219,0.1669,3.42,18,Product Group 18,DG-02,0.02,S-1
987,Product 987,45.11,55.99,63.99,148,0.1943,10.88,32,Product Group 32,DG-08,0.08,S-1
263,Product 263,30.07,38.99,45.49,182,0.2288,8.92,31,Product Group 31,DG-02,0.02,S-1
842,Product 842,16.09,18.99,23.99,222,0.1527,2.9,4,Product Group 4,DG-03,0.03,S-1
196,Product 196,34.03,43.49,52.99,173,0.2175,9.46,24,Product Group 24,DG-00,0.0,S-1
668,Product 668,49.01,56.49,66.99,147,0.1324,7.48,49,Product Group 49,DG-04,0.04,S-1
486,Product 486,9.05,11.49,13.49,237,0.2124,2.44,35,Product Group 35,DG-08,0.08,S-1
944,Product 944,7.03,9.49,10.49,241,0.2592,2.46,1,Product Group 1,DG-06,0.06,S-1
525,Product 525,17.04,21.99,25.49,216,0.2251,4.95,10,Product Group 10,DG-01,0.01,S-1
989,Product 989,35.02,43.49,56.49,173,0.1948,8.47,38,Product Group 38,DG-07,0.07,S-1
986,Product 986,47.0,60.99,71.99,138,0.2294,13.99,46,Product Group 46,DG-05,0.05,S-1
281,Product 281,25.05,30.99,39.49,198,0.1917,5.94,16,Product Group 16,DG-04,0.04,S-1
48,Product 48,17.12,21.49,24.99,217,0.2034,4.37,4,Product Group 4,DG-03,0.03,S-1
954,Product 954,43.07,49.49,56.49,161,0.1297,6.42,45,Product Group 45,DG-00,0.0,S-1
720,Product 720,27.0,32.99,38.99,194,0.1816,5.99,34,Product Group 34,DG-04,0.04,S-1
230,Product 230,5.07,6.49,8.49,247,0.2188,1.42,23,Product Group 23,DG-05,0.05,S-1
527,Product 527,48.08,55.99,67.99,148,0.1413,7.91,4,Product Group 4,DG-03,0.03,S-1
182,Product 182,37.1,43.99,56.99,172,0.1566,6.89,44,Product Group 44,DG-07,0.07,S-1
683,Product 683,9.09,12.99,16.99,234,0.3002,3.9,2,Product Group 2,DG-04,0.04,S-1
378,Product 378,14.04,17.49,21.99,225,0.1973,3.45,12,Product Group 12,DG-05,0.05,S-1
229,Product 229,13.03,15.49,20.49,229,0.1588,2.46,48,Product Group 48,DG-06,0.06,S-1
493,Product 493,22.05,27.99,33.49,204,0.2122,5.94,13,Product Group 13,DG-05,0.05,S-1
827,Product 827,26.03,32.99,41.49,194,0.211,6.96,46,Product Group 46,DG-05,0.05,S-1
884,Product 884,41.07,48.99,56.49,162,0.1617,7.92,40,Product Group 40,DG-09,0.09,S-1
401,Product 401,25.1,31.49,40.99,197,0.2029,6.39,3,Product Group 3,DG-08,0.08,S-1
815,Product 815,22.01,28.99,32.99,202,0.2408,6.98,31,Product Group 31,DG-02,0.02,S-1
195,Product 195,39.02,46.49,57.49,167,0.1607,7.47,40,Product Group 40,DG-09,0.09,S-1
893,Product 893,11.12,13.99,17.49,232,0.2051,2.87,28,Product Group 28,DG-03,0.03,S-1
896,Product 896,7.05,9.49,11.99,241,0.2571,2.44,6,Product Group 6,DG-00,0.0,S-1
560,Product 560,26.06,33.49,40.49,193,0.2219,7.43,34,Product Group 34,DG-04,0.04,S-1
485,Product 485,11.05,13.49,15.99,233,0.1809,2.44,34,Product Group 34,DG-04,0.04,S-1
270,Product 270,47.03,60.49,71.99,139,0.2225,13.46,2,Product Group 2,DG-04,0.04,S-1
124,Product 124,33.01,41.99,52.99,176,0.2139,8.98,39,Product Group 39,DG-05,0.05,S-1
429,Product 429,16.01,20.99,26.99,218,0.2373,4.98,20,Product Group 20,DG-06,0.06,S-1
888,Product 888,30.08,38.99,48.49,182,0.2285,8.91,7,Product Group 7,DG-01,0.01,S-1
254,Product 254,5.11,6.99,8.99,246,0.269,1.88,7,Product Group 7,DG-01,0.01,S-1
925,Product 925,14.08,16.99,19.99,226,0.1713,2.91,15,Product Group 15,DG-09,0.09,S-1
177,Product 177,24.02,30.99,39.49,198,0.2249,6.97,3,Product Group 3,DG-08,0.08,S-1
248,Product 248,11.01,14.49,16.49,231,0.2402,3.48,20,Product Group 20,DG-06,0.06,S-1
798,Product 798,32.01,39.99,44.49,180,0.1995,7.98,15,Product Group 15,DG-09,0.09,S-1
283,Product 283,6.07,7.99,9.99,244,0.2403,1.92,47,Product Group 47,DG-09,0.09,S-1
488,Product 488,32.04,40.99,51.49,178,0.2183,8.95,14,Product Group 14,DG-03,0.03,S-1
672,Product 672,6.05,7.99,10.99,244,0.2428,1.94,37,Product Group 37,DG-03,0.03,S-1
149,Product 149,19.05,25.49,31.49,209,0.2526,6.44,34,Product Group 34,DG-04,0.04,S-1
629,Product 629,17.11,21.99,28.49,216,0.2219,4.88,14,Product Group 14,DG-03,0.03,S-1
754,Product 754,41.09,49.49,60.99,161,0.1697,8.4,8,Product Group 8,DG-01,0.01,S-1
918,Product 918,37.05,43.49,48.99,173,0.1481,6.44,14,Product Group 14,DG-03,0.03,S-1
172,Product 172,6.05,7.49,9.49,245,0.1923,1.44,23,Product Group 23,DG-05,0.05,S-1
906,Product 906,12.02,14.99,18.99,230,0.1981,2.97,29,Product Group 29,DG-01,0.01,S-1
333,Product 333,20.0,23.49,29.49,213,0.1486,3.49,29,Product Group 29,DG-01,0.01,S-1
862,Product 862,9.03,11.99,15.49,236,0.2469,2.96,20,Product Group 20,DG-06,0.06,S-1
812,Product 812,18.05,21.49,25.99,217,0.1601,3.44,24,Product Group 24,DG-00,0.0,S-1
777,Product 777,48.08,60.49,77.99,139,0.2052,12.41,47,Product Group 47,DG-09,0.09,S-1
899,Product 899,15.09,18.99,24.49,222,0.2054,3.9,36,Product Group 36,DG-07,0.07,S-1
945,Product 945,28.07,36.99,47.49,186,0.2411,8.92,30,Product Group 30,DG-02,0.02,S-1
448,Product 448,24.02,30.49,34.99,199,0.2122,6.47,13,Product Group 13,DG-05,0.05,S-1
423,Product 423,43.01,48.99,62.99,162,0.1221,5.98,42,Product Group 42,DG-06,0.06,S-1
297,Product 297,34.07,41.99,48.99,176,0.1886,7.92,48,Product Group 48,DG-06,0.06,S-1
452,Product 452,14.08,16.49,18.99,227,0.1461,2.41,38,Product Group 38,DG-07,0.07,S-1
780,Product 780,6.01,7.99,10.49,244,0.2478,1.98,6,Product Group 6,DG-00,0.0,S-1
610,Product 610,10.1,11.49,13.99,237,0.121,1.39,10,Product Group 10,DG-01,0.01,S-1
451,Product 451,8.07,10.49,13.99,239,0.2307,2.42,21,Product Group 21,DG-00,0.0,S-1
411,Product 411,45.02,51.99,59.99,156,0.1341,6.97,5,Product Group 5,DG-08,0.08,S-1
13,Product 13,21.12,26.49,30.49,207,0.2027,5.37,4,Product Group 4,DG-03,0.03,S-1
194,Product 194,46.06,58.99,68.99,142,0.2192,12.93,16,Product Group 16,DG-04,0.04,S-1
336,Product 336,17.03,22.99,27.99,214,0.2592,5.96,27,Product Group 27,DG-09,0.09,S-1
710,Product 710,19.07,21.49,27.49,217,0.1126,2.42,0,Product Group 0,DG-07,0.07,S-1
648,Product 648,19.02,23.49,30.99,213,0.1903,4.47,46,Product Group 46,DG-05,0.05,S-1
942,Product 942,17.12,19.49,23.99,221,0.1216,2.37,38,Product Group 38,DG-07,0.07,S-1
952,Product 952,34.12,41.49,50.49,177,0.1776,7.37,0,Product Group 0,DG-07,0.07,S-1
30,Product 30,23.04,28.99,32.49,202,0.2052,5.95,13,Product Group 13,DG-05,0.05,S-1
3,Product 3,27.09,34.99,41.99,190,0.2258,7.9,37,Product Group 37,DG-03,0.03,S-1
356,Product 356,25.1,30.49,39.49,199,0.1768,5.39,37,Product Group 37,DG-03,0.03,S-1
769,Product 769,43.05,49.49,58.99,161,0.1301,6.44,5,Product Group 5,DG-08,0.08,S-1
911,Product 911,21.03,23.49,29.49,213,0.1047,2.46,21,Product Group 21,DG-00,0.0,S-1
644,Product 644,42.0,48.49,55.99,163,0.1338,6.49,12,Product Group 12,DG-05,0.05,S-1
621,Product 621,39.02,48.99,58.99,162,0.2035,9.97,18,Product Group 18,DG-02,0.02,S-1
407,Product 407,14.03,18.99,21.49,222,0.2612,4.96,11,Product Group 11,DG-02,0.02,S-1
476,Product 476,16.04,20.99,26.99,218,0.2358,4.95,33,Product Group 33,DG-04,0.04,S-1
979,Product 979,47.07,52.49,60.49,155,0.1033,5.42,18,Product Group 18,DG-02,0.02,S-1
572,Product 572,34.08,39.99,49.99,180,0.1478,5.91,43,Product Group 43,DG-00,0.0,S-1
496,Product 496,43.11,54.99,65.49,150,0.216,11.88,45,Product Group 45,DG-00,0.0,S-1
8,Product 8,23.04,26.49,29.99,207,0.1302,3.45,48,Product Group 48,DG-06,0.06,S-1
126,Product 126,35.03,41.99,49.99,176,0.1658,6.96,48,Product Group 48,DG-06,0.06,S-1
103,Product 103,13.13,16.99,20.49,226,0.2272,3.86,33,Product Group 33,DG-04,0.04,S-1
711,Product 711,13.04,17.99,21.99,224,0.2752,4.95,44,Product Group 44,DG-07,0.07,S-1
29,Product 29,9.08,11.99,14.49,236,0.2427,2.91,26,Product Group 26,DG-06,0.06,S-1
922,Product 922,18.02,23.49,29.49,213,0.2329,5.47,10,Product Group 10,DG-01,0.01,S-1
258,Product 258,33.09,38.99,45.99,182,0.1513,5.9,3,Product Group 3,DG-08,0.08,S-1
927,Product 927,26.0,29.49,32.49,201,0.1183,3.49,19,Product Group 19,DG-07,0.07,S-1
329,Product 329,14.07,16.99,19.99,226,0.1719,2.92,31,Product Group 31,DG-02,0.02,S-1
930,Product 930,6.08,7.99,10.49,244,0.239,1.91,40,Product Group 40,DG-09,0.09,S-1
784,Product 784,25.04,31.99,40.49,196,0.2173,6.95,20,Product Group 20,DG-06,0.06,S-1
287,Product 287,25.09,28.99,34.49,202,0.1345,3.9,15,Product Group 15,DG-09,0.09,S-1
599,Product 599,49.0,54.99,64.49,150,0.1089,5.99,38,Product Group 38,DG-07,0.07,S-1
902,Product 902,34.02,38.49,44.99,183,0.1161,4.47,7,Product Group 7,DG-01,0.01,S-1
238,Product 238,40.03,45.99,57.49,168,0.1296,5.96,49,Product Group 49,DG-04,0.04,S-1
692,Product 692,26.01,32.99,39.49,194,0.2116,6.98,8,Product Group 8,DG-01,0.01,S-1
316,Product 316,20.04,23.99,31.99,212,0.1647,3.95,5,Product Group 5,DG-08,0.08,S-1
868,Product 868,45.12,52.99,67.49,154,0.1485,7.87,22,Product Group 22,DG-03,0.03,S-1
615,Product 615,30.13,38.49,46.99,183,0.2172,8.36,18,Product Group 18,DG-02,0.02,S-1
334,Product 334,13.02,15.99,21.99,228,0.1857,2.97,20,Product Group 20,DG-06,0.06,S-1
544,Product 544,27.09,31.49,40.99,197,0.1397,4.4,30,Product Group 30,DG-02,0.02,S-1
785,Product 785,35.12,44.49,57.99,171,0.2106,9.37,37,Product Group 37,DG-03,0.03,S-1
982,Product 982,36.01,42.99,50.49,174,0.1624,6.98,15,Product Group 15,DG-09,0.09,S-1
861,Product 861,15.11,19.49,22.99,221,0.2247,4.38,26,Product Group 26,DG-06,0.06,S-1
108,Product 108,10.06,12.99,15.49,234,0.2256,2.93,29,Product Group 29,DG-01,0.01,S-1
915,Product 915,41.03,48.49,60.49,163,0.1538,7.46,35,Product Group 35,DG-08,0.08,S-1
130,Product 130,46.12,58.49,68.49,143,0.2115,12.37,37,Product Group 37,DG-03,0.03,S-1
268,Product 268,31.07,40.99,50.49,178,0.242,9.92,34,Product Group 34,DG-04,0.04,S-1
575,Product 575,47.0,55.49,65.99,149,0.153,8.49,35,Product Group 35,DG-08,0.08,S-1
58,Product 58,46.09,54.49,66.99,151,0.1542,8.4,14,Product Group 14,DG-03,0.03,S-1
934,Product 934,38.08,47.49,57.99,165,0.1981,9.41,37,Product Group 37,DG-03,0.03,S-1
22,Product 22,28.09,34.49,40.99,191,0.1856,6.4,48,Product Group 48,DG-06,0.06,S-1
45,Product 45,37.05,44.99,51.99,170,0.1765,7.94,26,Product Group 26,DG-06,0.06,S-1
760,Product 760,44.08,51.49,66.49,157,0.1439,7.41,26,Product Group 26,DG-06,0.06,S-1
625,Product 625,43.07,52.99,67.49,154,0.1872,9.92,29,Product Group 29,DG-01,0.01,S-1
529,Product 529,48.06,58.49,66.49,143,0.1783,10.43,0,Product Group 0,DG-07,0.07,S-1
301,Product 301,12.07,15.99,19.49,228,0.2452,3.92,27,Product Group 27,DG-09,0.09,S-1
433,Product 433,30.03,35.99,42.99,188,0.1656,5.96,5,Product Group 5,DG-08,0.08,S-1
273,Product 273,37.05,47.49,53.99,165,0.2198,10.44,13,Product Group 13,DG-05,0.05,S-1
78,Product 78,44.01,51.49,59.49,157,0.1453,7.48,28,Product Group 28,DG-03,0.03,S-1
990,Product 990,14.05,18.49,21.99,223,0.2401,4.44,29,Product Group 29,DG-01,0.01,S-1
285,Product 285,43.06,51.49,66.49,157,0.1637,8.43,27,Product Group 27,DG-09,0.09,S-1
510,Product 510,19.04,21.99,24.49,216,0.1342,2.95,3,Product Group 3,DG-08,0.08,S-1
898,Product 898,31.09,36.49,44.49,187,0.148,5.4,12,Product Group 12,DG-05,0.05,S-1
278,Product 278,36.02,41.49,52.99,177,0.1318,5.47,43,Product Group 43,DG-00,0.0,S-1
661,Product 661,38.09,45.49,54.99,169,0.1627,7.4,33,Product Group 33,DG-04,0.04,S-1
604,Product 604,14.13,16.99,19.49,226,0.1683,2.86,16,Product Group 16,DG-04,0.04,S-1
360,Product 360,44.02,48.99,60.99,162,0.1014,4.97,45,Product Group 45,DG-00,0.0,S-1
346,Product 346,38.05,48.49,60.99,163,0.2153,10.44,37,Product Group 37,DG-03,0.03,S-1
345,Product 345,32.07,41.49,52.49,177,0.227,9.42,19,Product Group 19,DG-07,0.07,S-1
90,Product 90,34.1,43.99,52.99,172,0.2248,9.89,42,Product Group 42,DG-06,0.06,S-1
98,Product 98,32.05,38.49,47.99,183,0.1673,6.44,41,Product Group 41,DG-01,0.01,S-1
603,Product 603,23.08,28.49,34.99,203,0.1899,5.41,20,Product Group 20,DG-06,0.06,S-1
569,Product 569,18.1,20.49,23.99,219,0.1166,2.39,13,Product Group 13,DG-05,0.05,S-1
848,Product 848,22.08,25.99,32.99,208,0.1504,3.91,46,Product Group 46,DG-05,0.05,S-1
643,Product 643,26.07,33.99,41.49,192,0.233,7.92,16,Product Group 16,DG-04,0.04,S-1
882,Product 882,27.1,31.49,40.99,197,0.1394,4.39,36,Product Group 36,DG-07,0.07,S-1
776,Product 776,24.08,28.49,35.99,203,0.1548,4.41,34,Product Group 34,DG-04,0.04,S-1
209,Product 209,26.12,30.99,37.99,198,0.1571,4.87,19,Product Group 19,DG-07,0.07,S-1
202,Product 202,39.07,46.49,60.99,167,0.1596,7.42,24,Product Group 24,DG-00,0.0,S-1
614,Product 614,15.03,18.49,21.49,223,0.1871,3.46,30,Product Group 30,DG-02,0.02,S-1
847,Product 847,30.03,36.99,46.99,186,0.1882,6.96,20,Product Group 20,DG-06,0.06,S-1
368,Product 368,39.02,43.49,48.49,173,0.1028,4.47,46,Product Group 46,DG-05,0.05,S-1
657,Product 657,34.07,38.49,47.99,183,0.1148,4.42,14,Product Group 14,DG-03,0.03,S-1
920,Product 920,14.06,17.49,21.99,225,0.1961,3.43,17,Product Group 17,DG-09,0.09,S-1
923,Product 923,10.0,12.49,15.99,235,0.1994,2.49,43,Product Group 43,DG-00,0.0,S-1
282,Product 282,47.13,54.49,70.99,151,0.1351,7.36,24,Product Group 24,DG-00,0.0,S-1
372,Product 372,23.12,30.99,39.99,198,0.254,7.87,14,Product Group 14,DG-03,0.03,S-1
259,Product 259,42.03,51.49,63.99,157,0.1837,9.46,41,Product Group 41,DG-01,0.01,S-1
208,Product 208,21.06,26.99,33.49,206,0.2197,5.93,7,Product Group 7,DG-01,0.01,S-1
135,Product 135,48.12,53.49,64.49,153,0.1004,5.37,33,Product Group 33,DG-04,0.04,S-1
839,Product 839,49.01,56.99,70.49,146,0.14,7.98,38,Product Group 38,DG-07,0.07,S-1
695,Product 695,30.01,33.99,44.99,192,0.1171,3.98,13,Product Group 13,DG-05,0.05,S-1
951,Product 951,16.01,20.99,26.49,218,0.2373,4.98,44,Product Group 44,DG-07,0.07,S-1
115,Product 115,19.05,22.49,26.99,215,0.153,3.44,26,Product Group 26,DG-06,0.06,S-1
136,Product 136,42.11,50.49,62.99,159,0.166,8.38,23,Product Group 23,DG-05,0.05,S-1
441,Product 441,45.09,53.99,62.49,152,0.1648,8.9,29,Product Group 29,DG-01,0.01,S-1
338,Product 338,40.05,50.49,59.49,159,0.2068,10.44,19,Product Group 19,DG-07,0.07,S-1
509,Product 509,6.02,7.49,10.99,245,0.1963,1.47,12,Product Group 12,DG-05,0.05,S-1
314,Product 314,20.06,24.99,31.49,210,0.1973,4.93,49,Product Group 49,DG-04,0.04,S-1
472,Product 472,12.04,15.99,19.99,228,0.247,3.95,19,Product Group 19,DG-07,0.07,S-1
609,Product 609,49.04,62.49,72.99,135,0.2152,13.45,44,Product Group 44,DG-07,0.07,S-1
838,Product 838,36.1,42.99,49.49,174,0.1603,6.89,25,Product Group 25,DG-08,0.08,S-1
498,Product 498,14.04,16.99,20.99,226,0.1736,2.95,24,Product Group 24,DG-00,0.0,S-1
80,Product 80,45.01,57.49,71.99,145,0.2171,12.48,22,Product Group 22,DG-03,0.03,S-1
437,Product 437,22.0,26.99,33.49,206,0.1849,4.99,25,Product Group 25,DG-08,0.08,S-1
417,Product 417,18.07,23.49,30.49,213,0.2307,5.42,6,Product Group 6,DG-00,0.0,S-1
701,Product 701,47.09,60.49,71.49,139,0.2215,13.4,12,Product Group 12,DG-05,0.05,S-1
691,Product 691,43.06,53.99,64.99,152,0.2024,10.93,27,Product Group 27,DG-09,0.09,S-1
470,Product 470,49.09,58.99,74.49,142,0.1678,9.9,44,Product Group 44,DG-07,0.07,S-1
86,Product 86,10.13,11.49,15.99,237,0.1184,1.36,37,Product Group 37,DG-03,0.03,S-1
463,Product 463,47.11,52.49,59.49,155,0.1025,5.38,43,Product Group 43,DG-00,0.0,S-1
779,Product 779,7.03,9.99,12.99,240,0.2963,2.96,37,Product Group 37,DG-03,0.03,S-1
352,Product 352,10.09,12.99,14.99,234,0.2232,2.9,11,Product Group 11,DG-02,0.02,S-1
650,Product 650,19.04,22.49,28.49,215,0.1534,3.45,34,Product Group 34,DG-04,0.04,S-1
748,Product 748,41.02,45.49,55.99,169,0.0983,4.47,3,Product Group 3,DG-08,0.08,S-1
822,Product 822,37.03,41.99,49.49,176,0.1181,4.96,39,Product Group 39,DG-05,0.05,S-1
577,Product 577,7.09,9.99,12.99,240,0.2903,2.9,42,Product Group 42,DG-06,0.06,S-1
655,Product 655,22.07,28.49,32.49,203,0.2253,6.42,22,Product Group 22,DG-03,0.03,S-1
475,Product 475,6.12,7.99,10.99,244,0.234,1.87,8,Product Group 8,DG-01,0.01,S-1
432,Product 432,16.11,20.99,27.99,218,0.2325,4.88,47,Product Group 47,DG-09,0.09,S-1
628,Product 628,38.01,48.49,61.49,163,0.2161,10.48,47,Product Group 47,DG-09,0.09,S-1
789,Product 789,27.07,33.49,38.49,193,0.1917,6.42,35,Product Group 35,DG-08,0.08,S-1
284,Product 284,31.05,39.99,48.99,180,0.2236,8.94,35,Product Group 35,DG-08,0.08,S-1
792,Product 792,48.05,61.99,71.49,136,0.2249,13.94,6,Product Group 6,DG-00,0.0,S-1
375,Product 375,20.07,26.49,32.99,207,0.2424,6.42,20,Product Group 20,DG-06,0.06,S-1
133,Product 133,47.12,53.99,65.99,152,0.1272,6.87,18,Product Group 18,DG-02,0.02,S-1
690,Product 690,35.08,39.99,45.49,180,0.1228,4.91,47,Product Group 47,DG-09,0.09,S-1
976,Product 976,8.13,10.99,14.99,238,0.2602,2.86,15,Product Group 15,DG-09,0.09,S-1
12,Product 12,38.07,45.49,57.49,169,0.1631,7.42,42,Product Group 42,DG-06,0.06,S-1
595,Product 595,13.02,15.99,18.49,228,0.1857,2.97,28,Product Group 28,DG-03,0.03,S-1
741,Product 741,17.03,21.99,27.49,216,0.2256,4.96,4,Product Group 4,DG-03,0.03,S-1
199,Product 199,5.08,6.99,8.49,246,0.2732,1.91,18,Product Group 18,DG-02,0.02,S-1
176,Product 176,18.09,21.99,26.49,216,0.1774,3.9,28,Product Group 28,DG-03,0.03,S-1
16,Product 16,22.08,27.99,33.99,204,0.2111,5.91,47,Product Group 47,DG-09,0.09,S-1
106,Product 106,46.11,56.99,68.49,146,0.1909,10.88,23,Product Group 23,DG-05,0.05,S-1
396,Product 396,37.01,44.99,52.99,170,0.1774,7.98,34,Product Group 34,DG-04,0.04,S-1
271,Product 271,8.07,10.49,12.99,239,0.2307,2.42,3,Product Group 3,DG-08,0.08,S-1
797,Product 797,44.1,52.99,60.99,154,0.1678,8.89,37,Product Group 37,DG-03,0.03,S-1
24,Product 24,27.06,34.49,43.99,191,0.2154,7.43,31,Product Group 31,DG-02,0.02,S-1
758,Product 758,25.03,30.99,38.99,198,0.1923,5.96,5,Product Group 5,DG-08,0.08,S-1
190,Product 190,33.0,40.49,49.49,179,0.185,7.49,13,Product Group 13,DG-05,0.05,S-1
728,Product 728,47.09,53.49,68.49,153,0.1196,6.4,35,Product Group 35,DG-08,0.08,S-1
805,Product 805,43.07,50.49,56.99,159,0.147,7.42,19,Product Group 19,DG-07,0.07,S-1
159,Product 159,16.0,20.99,26.49,218,0.2377,4.99,2,Product Group 2,DG-04,0.04,S-1
370,Product 370,29.07,37.49,47.99,185,0.2246,8.42,16,Product Group 16,DG-04,0.04,S-1
72,Product 72,37.07,42.99,54.99,174,0.1377,5.92,25,Product Group 25,DG-08,0.08,S-1
